paso,produccion_total,consumo_total,defaults_empresas,deuda_total,riesgo_sistemico,impuesto_recaudado,patrimonio_bancos_total,Escenario
0,2.4424906541753444e-15,130.00000000000006,0,7795.47761674236,0.0,0.0,40164.115318247204,Referencia (Sin Impuesto)
1,8.659739592076221e-15,130.0,0,9793.594095270922,0.0,0.0,40385.47655352168,Referencia (Sin Impuesto)
2,6.772360450213455e-15,130.00000000000003,0,11256.994823733283,63.92081941169807,0.0,40642.32755752965,Referencia (Sin Impuesto)
3,5.88418203051333e-15,130.0,0,12405.64668569021,63.92081941169807,0.0,40928.61242267977,Referencia (Sin Impuesto)
4,8.326672684688674e-15,130.00000000000003,0,13448.254230010125,252.12572535907782,0.0,41236.91441175583,Referencia (Sin Impuesto)
5,8.659739592076221e-15,130.00000000000003,0,14854.059672779755,252.1257253590778,0.0,41579.69077983862,Referencia (Sin Impuesto)
6,8.770761894538737e-15,130.00000000000003,0,16332.06908358535,252.12572535907782,0.0,41962.47265737823,Referencia (Sin Impuesto)
7,8.881784197001252e-15,130.0,0,17481.699647017318,252.12572535907782,0.0,42377.956504987036,Referencia (Sin Impuesto)
8,6.328271240363392e-15,130.00000000000006,0,18998.143657058143,252.12572535907782,0.0,42838.296806766004,Referencia (Sin Impuesto)
9,5.88418203051333e-15,130.00000000000003,0,20783.096482852263,292.11386410300605,0.0,43342.32112852493,Referencia (Sin Impuesto)
10,5.773159728050814e-15,130.0,0,21805.67157273381,584.0120570442973,0.0,43874.59420864179,Referencia (Sin Impuesto)
11,6.439293542825908e-15,130.00000000000003,0,23539.655744335883,855.3462281559971,0.0,44453.690197354495,Referencia (Sin Impuesto)
12,8.770761894538737e-15,130.00000000000003,0,25242.322602432774,855.3462281559971,0.0,45074.10513391846,Referencia (Sin Impuesto)
13,8.770761894538737e-15,130.00000000000003,0,27136.55911043559,1318.320893212709,0.0,45741.16088486047,Referencia (Sin Impuesto)
14,6.328271240363392e-15,130.00000000000003,0,28356.731169874154,1566.383672351467,0.0,46441.10492776991,Referencia (Sin Impuesto)
15,6.938893903907228e-15,130.0,0,29510.48138870902,1942.559744995238,0.0,47176.46186204871,Referencia (Sin Impuesto)
16,6.716849298982197e-15,130.00000000000006,0,31439.144629763992,2385.209374030463,0.0,47956.74032559707,Referencia (Sin Impuesto)
17,6.994405055138486e-15,130.00000000000003,0,33773.16775914997,2657.8413957570588,0.0,48797.372351595404,Referencia (Sin Impuesto)
18,6.439293542825908e-15,130.0,0,35549.519250931335,2747.263539476127,0.0,49682.54248735461,Referencia (Sin Impuesto)
19,6.5503158452884236e-15,130.0,3,35216.27539030379,3685.660836000047,0.0,49692.92654694382,Referencia (Sin Impuesto)
20,7.105427357601002e-15,130.00000000000003,10,35012.415350845054,4037.807111243364,0.0,48318.40656207545,Referencia (Sin Impuesto)
21,5.35682609381638e-15,130.00000000000003,15,35427.842043039826,4659.594842752838,0.0,47533.887067441385,Referencia (Sin Impuesto)
22,6.772360450213455e-15,130.0,22,34532.696164403416,5347.557205974338,0.0,45895.36059681222,Referencia (Sin Impuesto)
23,7.771561172376096e-15,130.0,30,33179.73771463049,6412.972939460592,0.0,43678.894147227824,Referencia (Sin Impuesto)
24,5.662137425588298e-15,130.00000000000003,35,33276.95153890118,7134.77600607712,0.0,42600.21606042831,Referencia (Sin Impuesto)
25,8.93729534823251e-15,130.00000000000003,48,28940.072573187106,7458.954594553092,0.0,37689.240441315626,Referencia (Sin Impuesto)
26,5.662137425588298e-15,130.00000000000003,56,26664.415030964585,8150.227022562856,0.0,34773.94526525843,Referencia (Sin Impuesto)
27,6.716849298982197e-15,130.0,67,23870.33556162926,9188.400047127596,0.0,30189.693999309,Referencia (Sin Impuesto)
28,6.411537967210279e-15,130.00000000000003,68,25353.822424513757,9978.335248025118,0.0,30296.744068463322,Referencia (Sin Impuesto)
29,5.2735593669694936e-15,130.00000000000003,78,21199.952369708823,10856.507967588079,0.0,25939.7109176222,Referencia (Sin Impuesto)
30,8.715250743307479e-15,130.0,86,18220.01680571514,11868.69451868724,0.0,22389.35700734517,Referencia (Sin Impuesto)
31,9.658940314238862e-15,130.00000000000003,93,15212.919234668401,12784.261076083403,0.0,18898.82532938247,Referencia (Sin Impuesto)
32,6.161737786669619e-15,130.00000000000003,99,12023.192240414695,13764.260966832406,0.0,15262.994615709398,Referencia (Sin Impuesto)
33,7.993605777301127e-15,130.0,104,12000.10104053426,15039.272600262007,0.0,14385.436030215586,Referencia (Sin Impuesto)
34,5.023759186428833e-15,130.0,115,10068.207018811925,16494.870446504192,0.0,12138.141987881158,Referencia (Sin Impuesto)
35,8.382183835919932e-15,130.0,126,8257.184291357378,18065.648959710732,0.0,10156.155145010114,Referencia (Sin Impuesto)
36,9.270362255620057e-15,130.00000000000003,147,6592.113358172199,20883.713761725096,0.0,8368.690470286287,Referencia (Sin Impuesto)
37,1.0907941216942163e-14,130.0,163,5061.704507614733,25408.758184563758,0.0,6525.910983495009,Referencia (Sin Impuesto)
38,1.1018963519404679e-14,130.0,181,3320.2094630656966,36227.051273068464,0.0,4489.573103988024,Referencia (Sin Impuesto)
39,7.743805596760467e-15,130.0,197,1876.9633876505784,11651.277205677325,0.0,1407.4670495521002,Referencia (Sin Impuesto)
40,5.537237335317968e-15,111.20000000000002,216,526.0696014333016,5698.053877169945,0.0,-404.0927850357187,Referencia (Sin Impuesto)
41,4.0245584642661925e-15,62.400000000000006,224,74.20537393012975,67.18726081452297,0.0,-1753.750972497632,Referencia (Sin Impuesto)
42,1.762479051592436e-15,27.000000000000007,224,70.49510523362326,67.18726081452297,0.0,-1752.2668650190292,Referencia (Sin Impuesto)
43,2.0816681711721685e-16,4.900000000000002,226,0.0,57.363128364405185,0.0,-1822.138232171929,Referencia (Sin Impuesto)
44,2.3592239273284576e-16,4.800000000000001,226,0.0,57.363128364405185,0.0,-1822.138232171929,Referencia (Sin Impuesto)
45,3.081487911019579e-33,0.8000000000000004,226,0.0,57.363128364405185,0.0,-1822.138232171929,Referencia (Sin Impuesto)
46,0.0,0.2,226,0.0,57.363128364405185,0.0,-1822.138232171929,Referencia (Sin Impuesto)
47,0.0,0.20000000000000007,226,0.0,57.363128364405185,0.0,-1822.138232171929,Referencia (Sin Impuesto)
48,0.0,0.0,226,0.0,57.363128364405185,0.0,-1822.138232171929,Referencia (Sin Impuesto)
49,0.0,0.0,226,0.0,57.363128364405185,0.0,-1822.138232171929,Referencia (Sin Impuesto)
50,0.0,0.0,226,0.0,57.363128364405185,0.0,-1822.138232171929,Referencia (Sin Impuesto)
51,0.0,0.0,226,0.0,57.363128364405185,0.0,-1822.138232171929,Referencia (Sin Impuesto)
52,0.0,0.0,226,0.0,57.363128364405185,0.0,-1822.138232171929,Referencia (Sin Impuesto)
53,0.0,0.0,226,0.0,57.363128364405185,0.0,-1822.138232171929,Referencia (Sin Impuesto)
54,0.0,0.0,226,0.0,57.363128364405185,0.0,-1822.138232171929,Referencia (Sin Impuesto)
55,0.0,0.0,226,0.0,57.363128364405185,0.0,-1822.138232171929,Referencia (Sin Impuesto)
56,0.0,0.0,226,0.0,57.363128364405185,0.0,-1822.138232171929,Referencia (Sin Impuesto)
57,0.0,0.0,226,0.0,57.363128364405185,0.0,-1822.138232171929,Referencia (Sin Impuesto)
58,0.0,0.0,226,0.0,57.363128364405185,0.0,-1822.138232171929,Referencia (Sin Impuesto)
59,0.0,0.0,226,0.0,57.363128364405185,0.0,-1822.138232171929,Referencia (Sin Impuesto)
60,0.0,0.0,226,0.0,57.363128364405185,0.0,-1822.138232171929,Referencia (Sin Impuesto)
61,0.0,0.0,226,0.0,57.363128364405185,0.0,-1822.138232171929,Referencia (Sin Impuesto)
62,0.0,0.0,226,0.0,57.363128364405185,0.0,-1822.138232171929,Referencia (Sin Impuesto)
63,0.0,0.0,226,0.0,57.363128364405185,0.0,-1822.138232171929,Referencia (Sin Impuesto)
64,0.0,0.0,226,0.0,57.363128364405185,0.0,-1822.138232171929,Referencia (Sin Impuesto)
65,0.0,0.0,226,0.0,57.363128364405185,0.0,-1822.138232171929,Referencia (Sin Impuesto)
66,0.0,0.0,226,0.0,57.363128364405185,0.0,-1822.138232171929,Referencia (Sin Impuesto)
67,0.0,0.0,226,0.0,57.363128364405185,0.0,-1822.138232171929,Referencia (Sin Impuesto)
68,0.0,0.0,226,0.0,57.363128364405185,0.0,-1822.138232171929,Referencia (Sin Impuesto)
69,0.0,0.0,226,0.0,57.363128364405185,0.0,-1822.138232171929,Referencia (Sin Impuesto)
70,0.0,0.0,226,0.0,57.363128364405185,0.0,-1822.138232171929,Referencia (Sin Impuesto)
71,0.0,0.0,226,0.0,57.363128364405185,0.0,-1822.138232171929,Referencia (Sin Impuesto)
72,0.0,0.0,226,0.0,57.363128364405185,0.0,-1822.138232171929,Referencia (Sin Impuesto)
73,0.0,0.0,226,0.0,57.363128364405185,0.0,-1822.138232171929,Referencia (Sin Impuesto)
74,0.0,0.0,226,0.0,57.363128364405185,0.0,-1822.138232171929,Referencia (Sin Impuesto)
75,0.0,0.0,226,0.0,57.363128364405185,0.0,-1822.138232171929,Referencia (Sin Impuesto)
76,0.0,0.0,226,0.0,57.363128364405185,0.0,-1822.138232171929,Referencia (Sin Impuesto)
77,0.0,0.0,226,0.0,57.363128364405185,0.0,-1822.138232171929,Referencia (Sin Impuesto)
78,0.0,0.0,226,0.0,57.363128364405185,0.0,-1822.138232171929,Referencia (Sin Impuesto)
79,0.0,0.0,226,0.0,57.363128364405185,0.0,-1822.138232171929,Referencia (Sin Impuesto)
80,0.0,0.0,226,0.0,57.363128364405185,0.0,-1822.138232171929,Referencia (Sin Impuesto)
81,0.0,0.0,226,0.0,57.363128364405185,0.0,-1822.138232171929,Referencia (Sin Impuesto)
82,0.0,0.0,226,0.0,57.363128364405185,0.0,-1822.138232171929,Referencia (Sin Impuesto)
83,0.0,0.0,226,0.0,57.363128364405185,0.0,-1822.138232171929,Referencia (Sin Impuesto)
84,0.0,0.0,226,0.0,57.363128364405185,0.0,-1822.138232171929,Referencia (Sin Impuesto)
85,0.0,0.0,226,0.0,57.363128364405185,0.0,-1822.138232171929,Referencia (Sin Impuesto)
86,0.0,0.0,226,0.0,57.363128364405185,0.0,-1822.138232171929,Referencia (Sin Impuesto)
87,0.0,0.0,226,0.0,57.363128364405185,0.0,-1822.138232171929,Referencia (Sin Impuesto)
88,0.0,0.0,226,0.0,57.363128364405185,0.0,-1822.138232171929,Referencia (Sin Impuesto)
89,0.0,0.0,226,0.0,57.363128364405185,0.0,-1822.138232171929,Referencia (Sin Impuesto)
90,0.0,0.0,226,0.0,57.363128364405185,0.0,-1822.138232171929,Referencia (Sin Impuesto)
91,0.0,0.0,226,0.0,57.363128364405185,0.0,-1822.138232171929,Referencia (Sin Impuesto)
92,0.0,0.0,226,0.0,57.363128364405185,0.0,-1822.138232171929,Referencia (Sin Impuesto)
93,0.0,0.0,226,0.0,57.363128364405185,0.0,-1822.138232171929,Referencia (Sin Impuesto)
94,0.0,0.0,226,0.0,57.363128364405185,0.0,-1822.138232171929,Referencia (Sin Impuesto)
95,0.0,0.0,226,0.0,57.363128364405185,0.0,-1822.138232171929,Referencia (Sin Impuesto)
96,0.0,0.0,226,0.0,57.363128364405185,0.0,-1822.138232171929,Referencia (Sin Impuesto)
97,0.0,0.0,226,0.0,57.363128364405185,0.0,-1822.138232171929,Referencia (Sin Impuesto)
98,0.0,0.0,226,0.0,57.363128364405185,0.0,-1822.138232171929,Referencia (Sin Impuesto)
99,0.0,0.0,226,0.0,57.363128364405185,0.0,-1822.138232171929,Referencia (Sin Impuesto)
100,0.0,0.0,226,0.0,57.363128364405185,0.0,-1822.138232171929,Referencia (Sin Impuesto)
101,0.0,0.0,226,0.0,57.363128364405185,0.0,-1822.138232171929,Referencia (Sin Impuesto)
102,0.0,0.0,226,0.0,57.363128364405185,0.0,-1822.138232171929,Referencia (Sin Impuesto)
103,0.0,0.0,226,0.0,57.363128364405185,0.0,-1822.138232171929,Referencia (Sin Impuesto)
104,0.0,0.0,226,0.0,57.363128364405185,0.0,-1822.138232171929,Referencia (Sin Impuesto)
105,0.0,0.0,226,0.0,57.363128364405185,0.0,-1822.138232171929,Referencia (Sin Impuesto)
106,0.0,0.0,226,0.0,57.363128364405185,0.0,-1822.138232171929,Referencia (Sin Impuesto)
107,0.0,0.0,226,0.0,57.363128364405185,0.0,-1822.138232171929,Referencia (Sin Impuesto)
108,0.0,0.0,226,0.0,57.363128364405185,0.0,-1822.138232171929,Referencia (Sin Impuesto)
109,0.0,0.0,226,0.0,57.363128364405185,0.0,-1822.138232171929,Referencia (Sin Impuesto)
110,0.0,0.0,226,0.0,57.363128364405185,0.0,-1822.138232171929,Referencia (Sin Impuesto)
111,0.0,0.0,226,0.0,57.363128364405185,0.0,-1822.138232171929,Referencia (Sin Impuesto)
112,0.0,0.0,226,0.0,57.363128364405185,0.0,-1822.138232171929,Referencia (Sin Impuesto)
113,0.0,0.0,226,0.0,57.363128364405185,0.0,-1822.138232171929,Referencia (Sin Impuesto)
114,0.0,0.0,226,0.0,57.363128364405185,0.0,-1822.138232171929,Referencia (Sin Impuesto)
115,0.0,0.0,226,0.0,57.363128364405185,0.0,-1822.138232171929,Referencia (Sin Impuesto)
116,0.0,0.0,226,0.0,57.363128364405185,0.0,-1822.138232171929,Referencia (Sin Impuesto)
117,0.0,0.0,226,0.0,57.363128364405185,0.0,-1822.138232171929,Referencia (Sin Impuesto)
118,0.0,0.0,226,0.0,57.363128364405185,0.0,-1822.138232171929,Referencia (Sin Impuesto)
119,0.0,0.0,226,0.0,57.363128364405185,0.0,-1822.138232171929,Referencia (Sin Impuesto)
120,0.0,0.0,226,0.0,57.363128364405185,0.0,-1822.138232171929,Referencia (Sin Impuesto)
121,0.0,0.0,226,0.0,57.363128364405185,0.0,-1822.138232171929,Referencia (Sin Impuesto)
122,0.0,0.0,226,0.0,57.363128364405185,0.0,-1822.138232171929,Referencia (Sin Impuesto)
123,0.0,0.0,226,0.0,57.363128364405185,0.0,-1822.138232171929,Referencia (Sin Impuesto)
124,0.0,0.0,226,0.0,57.363128364405185,0.0,-1822.138232171929,Referencia (Sin Impuesto)
125,0.0,0.0,226,0.0,57.363128364405185,0.0,-1822.138232171929,Referencia (Sin Impuesto)
126,0.0,0.0,226,0.0,57.363128364405185,0.0,-1822.138232171929,Referencia (Sin Impuesto)
127,0.0,0.0,226,0.0,57.363128364405185,0.0,-1822.138232171929,Referencia (Sin Impuesto)
128,0.0,0.0,226,0.0,57.363128364405185,0.0,-1822.138232171929,Referencia (Sin Impuesto)
129,0.0,0.0,226,0.0,57.363128364405185,0.0,-1822.138232171929,Referencia (Sin Impuesto)
130,0.0,0.0,226,0.0,57.363128364405185,0.0,-1822.138232171929,Referencia (Sin Impuesto)
131,0.0,0.0,226,0.0,57.363128364405185,0.0,-1822.138232171929,Referencia (Sin Impuesto)
132,0.0,0.0,226,0.0,57.363128364405185,0.0,-1822.138232171929,Referencia (Sin Impuesto)
133,0.0,0.0,226,0.0,57.363128364405185,0.0,-1822.138232171929,Referencia (Sin Impuesto)
134,0.0,0.0,226,0.0,57.363128364405185,0.0,-1822.138232171929,Referencia (Sin Impuesto)
135,0.0,0.0,226,0.0,57.363128364405185,0.0,-1822.138232171929,Referencia (Sin Impuesto)
136,0.0,0.0,226,0.0,57.363128364405185,0.0,-1822.138232171929,Referencia (Sin Impuesto)
137,0.0,0.0,226,0.0,57.363128364405185,0.0,-1822.138232171929,Referencia (Sin Impuesto)
138,0.0,0.0,226,0.0,57.363128364405185,0.0,-1822.138232171929,Referencia (Sin Impuesto)
139,0.0,0.0,226,0.0,57.363128364405185,0.0,-1822.138232171929,Referencia (Sin Impuesto)
140,0.0,0.0,226,0.0,57.363128364405185,0.0,-1822.138232171929,Referencia (Sin Impuesto)
141,0.0,0.0,226,0.0,57.363128364405185,0.0,-1822.138232171929,Referencia (Sin Impuesto)
142,0.0,0.0,226,0.0,57.363128364405185,0.0,-1822.138232171929,Referencia (Sin Impuesto)
143,0.0,0.0,226,0.0,57.363128364405185,0.0,-1822.138232171929,Referencia (Sin Impuesto)
144,0.0,0.0,226,0.0,57.363128364405185,0.0,-1822.138232171929,Referencia (Sin Impuesto)
145,0.0,0.0,226,0.0,57.363128364405185,0.0,-1822.138232171929,Referencia (Sin Impuesto)
146,0.0,0.0,226,0.0,57.363128364405185,0.0,-1822.138232171929,Referencia (Sin Impuesto)
147,0.0,0.0,226,0.0,57.363128364405185,0.0,-1822.138232171929,Referencia (Sin Impuesto)
148,0.0,0.0,226,0.0,57.363128364405185,0.0,-1822.138232171929,Referencia (Sin Impuesto)
149,0.0,0.0,226,0.0,57.363128364405185,0.0,-1822.138232171929,Referencia (Sin Impuesto)
150,0.0,0.0,226,0.0,57.363128364405185,0.0,-1822.138232171929,Referencia (Sin Impuesto)
151,0.0,0.0,226,0.0,57.363128364405185,0.0,-1822.138232171929,Referencia (Sin Impuesto)
152,0.0,0.0,226,0.0,57.363128364405185,0.0,-1822.138232171929,Referencia (Sin Impuesto)
153,0.0,0.0,226,0.0,57.363128364405185,0.0,-1822.138232171929,Referencia (Sin Impuesto)
154,0.0,0.0,226,0.0,57.363128364405185,0.0,-1822.138232171929,Referencia (Sin Impuesto)
155,0.0,0.0,226,0.0,57.363128364405185,0.0,-1822.138232171929,Referencia (Sin Impuesto)
156,0.0,0.0,226,0.0,57.363128364405185,0.0,-1822.138232171929,Referencia (Sin Impuesto)
157,0.0,0.0,226,0.0,57.363128364405185,0.0,-1822.138232171929,Referencia (Sin Impuesto)
158,0.0,0.0,226,0.0,57.363128364405185,0.0,-1822.138232171929,Referencia (Sin Impuesto)
159,0.0,0.0,226,0.0,57.363128364405185,0.0,-1822.138232171929,Referencia (Sin Impuesto)
160,0.0,0.0,226,0.0,57.363128364405185,0.0,-1822.138232171929,Referencia (Sin Impuesto)
161,0.0,0.0,226,0.0,57.363128364405185,0.0,-1822.138232171929,Referencia (Sin Impuesto)
162,0.0,0.0,226,0.0,57.363128364405185,0.0,-1822.138232171929,Referencia (Sin Impuesto)
163,0.0,0.0,226,0.0,57.363128364405185,0.0,-1822.138232171929,Referencia (Sin Impuesto)
164,0.0,0.0,226,0.0,57.363128364405185,0.0,-1822.138232171929,Referencia (Sin Impuesto)
165,0.0,0.0,226,0.0,57.363128364405185,0.0,-1822.138232171929,Referencia (Sin Impuesto)
166,0.0,0.0,226,0.0,57.363128364405185,0.0,-1822.138232171929,Referencia (Sin Impuesto)
167,0.0,0.0,226,0.0,57.363128364405185,0.0,-1822.138232171929,Referencia (Sin Impuesto)
168,0.0,0.0,226,0.0,57.363128364405185,0.0,-1822.138232171929,Referencia (Sin Impuesto)
169,0.0,0.0,226,0.0,57.363128364405185,0.0,-1822.138232171929,Referencia (Sin Impuesto)
170,0.0,0.0,226,0.0,57.363128364405185,0.0,-1822.138232171929,Referencia (Sin Impuesto)
171,0.0,0.0,226,0.0,57.363128364405185,0.0,-1822.138232171929,Referencia (Sin Impuesto)
172,0.0,0.0,226,0.0,57.363128364405185,0.0,-1822.138232171929,Referencia (Sin Impuesto)
173,0.0,0.0,226,0.0,57.363128364405185,0.0,-1822.138232171929,Referencia (Sin Impuesto)
174,0.0,0.0,226,0.0,57.363128364405185,0.0,-1822.138232171929,Referencia (Sin Impuesto)
175,0.0,0.0,226,0.0,57.363128364405185,0.0,-1822.138232171929,Referencia (Sin Impuesto)
176,0.0,0.0,226,0.0,57.363128364405185,0.0,-1822.138232171929,Referencia (Sin Impuesto)
177,0.0,0.0,226,0.0,57.363128364405185,0.0,-1822.138232171929,Referencia (Sin Impuesto)
178,0.0,0.0,226,0.0,57.363128364405185,0.0,-1822.138232171929,Referencia (Sin Impuesto)
179,0.0,0.0,226,0.0,57.363128364405185,0.0,-1822.138232171929,Referencia (Sin Impuesto)
180,0.0,0.0,226,0.0,57.363128364405185,0.0,-1822.138232171929,Referencia (Sin Impuesto)
181,0.0,0.0,226,0.0,57.363128364405185,0.0,-1822.138232171929,Referencia (Sin Impuesto)
182,0.0,0.0,226,0.0,57.363128364405185,0.0,-1822.138232171929,Referencia (Sin Impuesto)
183,0.0,0.0,226,0.0,57.363128364405185,0.0,-1822.138232171929,Referencia (Sin Impuesto)
184,0.0,0.0,226,0.0,57.363128364405185,0.0,-1822.138232171929,Referencia (Sin Impuesto)
185,0.0,0.0,226,0.0,57.363128364405185,0.0,-1822.138232171929,Referencia (Sin Impuesto)
186,0.0,0.0,226,0.0,57.363128364405185,0.0,-1822.138232171929,Referencia (Sin Impuesto)
187,0.0,0.0,226,0.0,57.363128364405185,0.0,-1822.138232171929,Referencia (Sin Impuesto)
188,0.0,0.0,226,0.0,57.363128364405185,0.0,-1822.138232171929,Referencia (Sin Impuesto)
189,0.0,0.0,226,0.0,57.363128364405185,0.0,-1822.138232171929,Referencia (Sin Impuesto)
190,0.0,0.0,226,0.0,57.363128364405185,0.0,-1822.138232171929,Referencia (Sin Impuesto)
191,0.0,0.0,226,0.0,57.363128364405185,0.0,-1822.138232171929,Referencia (Sin Impuesto)
192,0.0,0.0,226,0.0,57.363128364405185,0.0,-1822.138232171929,Referencia (Sin Impuesto)
193,0.0,0.0,226,0.0,57.363128364405185,0.0,-1822.138232171929,Referencia (Sin Impuesto)
194,0.0,0.0,226,0.0,57.363128364405185,0.0,-1822.138232171929,Referencia (Sin Impuesto)
195,0.0,0.0,226,0.0,57.363128364405185,0.0,-1822.138232171929,Referencia (Sin Impuesto)
196,0.0,0.0,226,0.0,57.363128364405185,0.0,-1822.138232171929,Referencia (Sin Impuesto)
197,0.0,0.0,226,0.0,57.363128364405185,0.0,-1822.138232171929,Referencia (Sin Impuesto)
198,0.0,0.0,226,0.0,57.363128364405185,0.0,-1822.138232171929,Referencia (Sin Impuesto)
199,0.0,0.0,226,0.0,57.363128364405185,0.0,-1822.138232171929,Referencia (Sin Impuesto)
200,0.0,0.0,226,0.0,57.363128364405185,0.0,-1822.138232171929,Referencia (Sin Impuesto)
201,0.0,0.0,226,0.0,57.363128364405185,0.0,-1822.138232171929,Referencia (Sin Impuesto)
202,0.0,0.0,226,0.0,57.363128364405185,0.0,-1822.138232171929,Referencia (Sin Impuesto)
203,0.0,0.0,226,0.0,57.363128364405185,0.0,-1822.138232171929,Referencia (Sin Impuesto)
204,0.0,0.0,226,0.0,57.363128364405185,0.0,-1822.138232171929,Referencia (Sin Impuesto)
205,0.0,0.0,226,0.0,57.363128364405185,0.0,-1822.138232171929,Referencia (Sin Impuesto)
206,0.0,0.0,226,0.0,57.363128364405185,0.0,-1822.138232171929,Referencia (Sin Impuesto)
207,0.0,0.0,226,0.0,57.363128364405185,0.0,-1822.138232171929,Referencia (Sin Impuesto)
208,0.0,0.0,226,0.0,57.363128364405185,0.0,-1822.138232171929,Referencia (Sin Impuesto)
209,0.0,0.0,226,0.0,57.363128364405185,0.0,-1822.138232171929,Referencia (Sin Impuesto)
210,0.0,0.0,226,0.0,57.363128364405185,0.0,-1822.138232171929,Referencia (Sin Impuesto)
211,0.0,0.0,226,0.0,57.363128364405185,0.0,-1822.138232171929,Referencia (Sin Impuesto)
212,0.0,0.0,226,0.0,57.363128364405185,0.0,-1822.138232171929,Referencia (Sin Impuesto)
213,0.0,0.0,226,0.0,57.363128364405185,0.0,-1822.138232171929,Referencia (Sin Impuesto)
214,0.0,0.0,226,0.0,57.363128364405185,0.0,-1822.138232171929,Referencia (Sin Impuesto)
215,0.0,0.0,226,0.0,57.363128364405185,0.0,-1822.138232171929,Referencia (Sin Impuesto)
216,0.0,0.0,226,0.0,57.363128364405185,0.0,-1822.138232171929,Referencia (Sin Impuesto)
217,0.0,0.0,226,0.0,57.363128364405185,0.0,-1822.138232171929,Referencia (Sin Impuesto)
218,0.0,0.0,226,0.0,57.363128364405185,0.0,-1822.138232171929,Referencia (Sin Impuesto)
219,0.0,0.0,226,0.0,57.363128364405185,0.0,-1822.138232171929,Referencia (Sin Impuesto)
220,0.0,0.0,226,0.0,57.363128364405185,0.0,-1822.138232171929,Referencia (Sin Impuesto)
221,0.0,0.0,226,0.0,57.363128364405185,0.0,-1822.138232171929,Referencia (Sin Impuesto)
222,0.0,0.0,226,0.0,57.363128364405185,0.0,-1822.138232171929,Referencia (Sin Impuesto)
223,0.0,0.0,226,0.0,57.363128364405185,0.0,-1822.138232171929,Referencia (Sin Impuesto)
224,0.0,0.0,226,0.0,57.363128364405185,0.0,-1822.138232171929,Referencia (Sin Impuesto)
225,0.0,0.0,226,0.0,57.363128364405185,0.0,-1822.138232171929,Referencia (Sin Impuesto)
226,0.0,0.0,226,0.0,57.363128364405185,0.0,-1822.138232171929,Referencia (Sin Impuesto)
227,0.0,0.0,226,0.0,57.363128364405185,0.0,-1822.138232171929,Referencia (Sin Impuesto)
228,0.0,0.0,226,0.0,57.363128364405185,0.0,-1822.138232171929,Referencia (Sin Impuesto)
229,0.0,0.0,226,0.0,57.363128364405185,0.0,-1822.138232171929,Referencia (Sin Impuesto)
230,0.0,0.0,226,0.0,57.363128364405185,0.0,-1822.138232171929,Referencia (Sin Impuesto)
231,0.0,0.0,226,0.0,57.363128364405185,0.0,-1822.138232171929,Referencia (Sin Impuesto)
232,0.0,0.0,226,0.0,57.363128364405185,0.0,-1822.138232171929,Referencia (Sin Impuesto)
233,0.0,0.0,226,0.0,57.363128364405185,0.0,-1822.138232171929,Referencia (Sin Impuesto)
234,0.0,0.0,226,0.0,57.363128364405185,0.0,-1822.138232171929,Referencia (Sin Impuesto)
235,0.0,0.0,226,0.0,57.363128364405185,0.0,-1822.138232171929,Referencia (Sin Impuesto)
236,0.0,0.0,226,0.0,57.363128364405185,0.0,-1822.138232171929,Referencia (Sin Impuesto)
237,0.0,0.0,226,0.0,57.363128364405185,0.0,-1822.138232171929,Referencia (Sin Impuesto)
238,0.0,0.0,226,0.0,57.363128364405185,0.0,-1822.138232171929,Referencia (Sin Impuesto)
239,0.0,0.0,226,0.0,57.363128364405185,0.0,-1822.138232171929,Referencia (Sin Impuesto)
240,0.0,0.0,226,0.0,57.363128364405185,0.0,-1822.138232171929,Referencia (Sin Impuesto)
241,0.0,0.0,226,0.0,57.363128364405185,0.0,-1822.138232171929,Referencia (Sin Impuesto)
242,0.0,0.0,226,0.0,57.363128364405185,0.0,-1822.138232171929,Referencia (Sin Impuesto)
243,0.0,0.0,226,0.0,57.363128364405185,0.0,-1822.138232171929,Referencia (Sin Impuesto)
244,0.0,0.0,226,0.0,57.363128364405185,0.0,-1822.138232171929,Referencia (Sin Impuesto)
245,0.0,0.0,226,0.0,57.363128364405185,0.0,-1822.138232171929,Referencia (Sin Impuesto)
246,0.0,0.0,226,0.0,57.363128364405185,0.0,-1822.138232171929,Referencia (Sin Impuesto)
247,0.0,0.0,226,0.0,57.363128364405185,0.0,-1822.138232171929,Referencia (Sin Impuesto)
248,0.0,0.0,226,0.0,57.363128364405185,0.0,-1822.138232171929,Referencia (Sin Impuesto)
249,0.0,0.0,226,0.0,57.363128364405185,0.0,-1822.138232171929,Referencia (Sin Impuesto)
250,0.0,0.0,226,0.0,57.363128364405185,0.0,-1822.138232171929,Referencia (Sin Impuesto)
251,0.0,0.0,226,0.0,57.363128364405185,0.0,-1822.138232171929,Referencia (Sin Impuesto)
252,0.0,0.0,226,0.0,57.363128364405185,0.0,-1822.138232171929,Referencia (Sin Impuesto)
253,0.0,0.0,226,0.0,57.363128364405185,0.0,-1822.138232171929,Referencia (Sin Impuesto)
254,0.0,0.0,226,0.0,57.363128364405185,0.0,-1822.138232171929,Referencia (Sin Impuesto)
255,0.0,0.0,226,0.0,57.363128364405185,0.0,-1822.138232171929,Referencia (Sin Impuesto)
256,0.0,0.0,226,0.0,57.363128364405185,0.0,-1822.138232171929,Referencia (Sin Impuesto)
257,0.0,0.0,226,0.0,57.363128364405185,0.0,-1822.138232171929,Referencia (Sin Impuesto)
258,0.0,0.0,226,0.0,57.363128364405185,0.0,-1822.138232171929,Referencia (Sin Impuesto)
259,0.0,0.0,226,0.0,57.363128364405185,0.0,-1822.138232171929,Referencia (Sin Impuesto)
260,0.0,0.0,226,0.0,57.363128364405185,0.0,-1822.138232171929,Referencia (Sin Impuesto)
261,0.0,0.0,226,0.0,57.363128364405185,0.0,-1822.138232171929,Referencia (Sin Impuesto)
262,0.0,0.0,226,0.0,57.363128364405185,0.0,-1822.138232171929,Referencia (Sin Impuesto)
263,0.0,0.0,226,0.0,57.363128364405185,0.0,-1822.138232171929,Referencia (Sin Impuesto)
264,0.0,0.0,226,0.0,57.363128364405185,0.0,-1822.138232171929,Referencia (Sin Impuesto)
265,0.0,0.0,226,0.0,57.363128364405185,0.0,-1822.138232171929,Referencia (Sin Impuesto)
266,0.0,0.0,226,0.0,57.363128364405185,0.0,-1822.138232171929,Referencia (Sin Impuesto)
267,0.0,0.0,226,0.0,57.363128364405185,0.0,-1822.138232171929,Referencia (Sin Impuesto)
268,0.0,0.0,226,0.0,57.363128364405185,0.0,-1822.138232171929,Referencia (Sin Impuesto)
269,0.0,0.0,226,0.0,57.363128364405185,0.0,-1822.138232171929,Referencia (Sin Impuesto)
270,0.0,0.0,226,0.0,57.363128364405185,0.0,-1822.138232171929,Referencia (Sin Impuesto)
271,0.0,0.0,226,0.0,57.363128364405185,0.0,-1822.138232171929,Referencia (Sin Impuesto)
272,0.0,0.0,226,0.0,57.363128364405185,0.0,-1822.138232171929,Referencia (Sin Impuesto)
273,0.0,0.0,226,0.0,57.363128364405185,0.0,-1822.138232171929,Referencia (Sin Impuesto)
274,0.0,0.0,226,0.0,57.363128364405185,0.0,-1822.138232171929,Referencia (Sin Impuesto)
275,0.0,0.0,226,0.0,57.363128364405185,0.0,-1822.138232171929,Referencia (Sin Impuesto)
276,0.0,0.0,226,0.0,57.363128364405185,0.0,-1822.138232171929,Referencia (Sin Impuesto)
277,0.0,0.0,226,0.0,57.363128364405185,0.0,-1822.138232171929,Referencia (Sin Impuesto)
278,0.0,0.0,226,0.0,57.363128364405185,0.0,-1822.138232171929,Referencia (Sin Impuesto)
279,0.0,0.0,226,0.0,57.363128364405185,0.0,-1822.138232171929,Referencia (Sin Impuesto)
280,0.0,0.0,226,0.0,57.363128364405185,0.0,-1822.138232171929,Referencia (Sin Impuesto)
281,0.0,0.0,226,0.0,57.363128364405185,0.0,-1822.138232171929,Referencia (Sin Impuesto)
282,0.0,0.0,226,0.0,57.363128364405185,0.0,-1822.138232171929,Referencia (Sin Impuesto)
283,0.0,0.0,226,0.0,57.363128364405185,0.0,-1822.138232171929,Referencia (Sin Impuesto)
284,0.0,0.0,226,0.0,57.363128364405185,0.0,-1822.138232171929,Referencia (Sin Impuesto)
285,0.0,0.0,226,0.0,57.363128364405185,0.0,-1822.138232171929,Referencia (Sin Impuesto)
286,0.0,0.0,226,0.0,57.363128364405185,0.0,-1822.138232171929,Referencia (Sin Impuesto)
287,0.0,0.0,226,0.0,57.363128364405185,0.0,-1822.138232171929,Referencia (Sin Impuesto)
288,0.0,0.0,226,0.0,57.363128364405185,0.0,-1822.138232171929,Referencia (Sin Impuesto)
289,0.0,0.0,226,0.0,57.363128364405185,0.0,-1822.138232171929,Referencia (Sin Impuesto)
290,0.0,0.0,226,0.0,57.363128364405185,0.0,-1822.138232171929,Referencia (Sin Impuesto)
291,0.0,0.0,226,0.0,57.363128364405185,0.0,-1822.138232171929,Referencia (Sin Impuesto)
292,0.0,0.0,226,0.0,57.363128364405185,0.0,-1822.138232171929,Referencia (Sin Impuesto)
293,0.0,0.0,226,0.0,57.363128364405185,0.0,-1822.138232171929,Referencia (Sin Impuesto)
294,0.0,0.0,226,0.0,57.363128364405185,0.0,-1822.138232171929,Referencia (Sin Impuesto)
295,0.0,0.0,226,0.0,57.363128364405185,0.0,-1822.138232171929,Referencia (Sin Impuesto)
296,0.0,0.0,226,0.0,57.363128364405185,0.0,-1822.138232171929,Referencia (Sin Impuesto)
297,0.0,0.0,226,0.0,57.363128364405185,0.0,-1822.138232171929,Referencia (Sin Impuesto)
298,0.0,0.0,226,0.0,57.363128364405185,0.0,-1822.138232171929,Referencia (Sin Impuesto)
299,0.0,0.0,226,0.0,57.363128364405185,0.0,-1822.138232171929,Referencia (Sin Impuesto)
300,0.0,0.0,226,0.0,57.363128364405185,0.0,-1822.138232171929,Referencia (Sin Impuesto)
301,0.0,0.0,226,0.0,57.363128364405185,0.0,-1822.138232171929,Referencia (Sin Impuesto)
302,0.0,0.0,226,0.0,57.363128364405185,0.0,-1822.138232171929,Referencia (Sin Impuesto)
303,0.0,0.0,226,0.0,57.363128364405185,0.0,-1822.138232171929,Referencia (Sin Impuesto)
304,0.0,0.0,226,0.0,57.363128364405185,0.0,-1822.138232171929,Referencia (Sin Impuesto)
305,0.0,0.0,226,0.0,57.363128364405185,0.0,-1822.138232171929,Referencia (Sin Impuesto)
306,0.0,0.0,226,0.0,57.363128364405185,0.0,-1822.138232171929,Referencia (Sin Impuesto)
307,0.0,0.0,226,0.0,57.363128364405185,0.0,-1822.138232171929,Referencia (Sin Impuesto)
308,0.0,0.0,226,0.0,57.363128364405185,0.0,-1822.138232171929,Referencia (Sin Impuesto)
309,0.0,0.0,226,0.0,57.363128364405185,0.0,-1822.138232171929,Referencia (Sin Impuesto)
310,0.0,0.0,226,0.0,57.363128364405185,0.0,-1822.138232171929,Referencia (Sin Impuesto)
311,0.0,0.0,226,0.0,57.363128364405185,0.0,-1822.138232171929,Referencia (Sin Impuesto)
312,0.0,0.0,226,0.0,57.363128364405185,0.0,-1822.138232171929,Referencia (Sin Impuesto)
313,0.0,0.0,226,0.0,57.363128364405185,0.0,-1822.138232171929,Referencia (Sin Impuesto)
314,0.0,0.0,226,0.0,57.363128364405185,0.0,-1822.138232171929,Referencia (Sin Impuesto)
315,0.0,0.0,226,0.0,57.363128364405185,0.0,-1822.138232171929,Referencia (Sin Impuesto)
316,0.0,0.0,226,0.0,57.363128364405185,0.0,-1822.138232171929,Referencia (Sin Impuesto)
317,0.0,0.0,226,0.0,57.363128364405185,0.0,-1822.138232171929,Referencia (Sin Impuesto)
318,0.0,0.0,226,0.0,57.363128364405185,0.0,-1822.138232171929,Referencia (Sin Impuesto)
319,0.0,0.0,226,0.0,57.363128364405185,0.0,-1822.138232171929,Referencia (Sin Impuesto)
320,0.0,0.0,226,0.0,57.363128364405185,0.0,-1822.138232171929,Referencia (Sin Impuesto)
321,0.0,0.0,226,0.0,57.363128364405185,0.0,-1822.138232171929,Referencia (Sin Impuesto)
322,0.0,0.0,226,0.0,57.363128364405185,0.0,-1822.138232171929,Referencia (Sin Impuesto)
323,0.0,0.0,226,0.0,57.363128364405185,0.0,-1822.138232171929,Referencia (Sin Impuesto)
324,0.0,0.0,226,0.0,57.363128364405185,0.0,-1822.138232171929,Referencia (Sin Impuesto)
325,0.0,0.0,226,0.0,57.363128364405185,0.0,-1822.138232171929,Referencia (Sin Impuesto)
326,0.0,0.0,226,0.0,57.363128364405185,0.0,-1822.138232171929,Referencia (Sin Impuesto)
327,0.0,0.0,226,0.0,57.363128364405185,0.0,-1822.138232171929,Referencia (Sin Impuesto)
328,0.0,0.0,226,0.0,57.363128364405185,0.0,-1822.138232171929,Referencia (Sin Impuesto)
329,0.0,0.0,226,0.0,57.363128364405185,0.0,-1822.138232171929,Referencia (Sin Impuesto)
330,0.0,0.0,226,0.0,57.363128364405185,0.0,-1822.138232171929,Referencia (Sin Impuesto)
331,0.0,0.0,226,0.0,57.363128364405185,0.0,-1822.138232171929,Referencia (Sin Impuesto)
332,0.0,0.0,226,0.0,57.363128364405185,0.0,-1822.138232171929,Referencia (Sin Impuesto)
333,0.0,0.0,226,0.0,57.363128364405185,0.0,-1822.138232171929,Referencia (Sin Impuesto)
334,0.0,0.0,226,0.0,57.363128364405185,0.0,-1822.138232171929,Referencia (Sin Impuesto)
335,0.0,0.0,226,0.0,57.363128364405185,0.0,-1822.138232171929,Referencia (Sin Impuesto)
336,0.0,0.0,226,0.0,57.363128364405185,0.0,-1822.138232171929,Referencia (Sin Impuesto)
337,0.0,0.0,226,0.0,57.363128364405185,0.0,-1822.138232171929,Referencia (Sin Impuesto)
338,0.0,0.0,226,0.0,57.363128364405185,0.0,-1822.138232171929,Referencia (Sin Impuesto)
339,0.0,0.0,226,0.0,57.363128364405185,0.0,-1822.138232171929,Referencia (Sin Impuesto)
340,0.0,0.0,226,0.0,57.363128364405185,0.0,-1822.138232171929,Referencia (Sin Impuesto)
341,0.0,0.0,226,0.0,57.363128364405185,0.0,-1822.138232171929,Referencia (Sin Impuesto)
342,0.0,0.0,226,0.0,57.363128364405185,0.0,-1822.138232171929,Referencia (Sin Impuesto)
343,0.0,0.0,226,0.0,57.363128364405185,0.0,-1822.138232171929,Referencia (Sin Impuesto)
344,0.0,0.0,226,0.0,57.363128364405185,0.0,-1822.138232171929,Referencia (Sin Impuesto)
345,0.0,0.0,226,0.0,57.363128364405185,0.0,-1822.138232171929,Referencia (Sin Impuesto)
346,0.0,0.0,226,0.0,57.363128364405185,0.0,-1822.138232171929,Referencia (Sin Impuesto)
347,0.0,0.0,226,0.0,57.363128364405185,0.0,-1822.138232171929,Referencia (Sin Impuesto)
348,0.0,0.0,226,0.0,57.363128364405185,0.0,-1822.138232171929,Referencia (Sin Impuesto)
349,0.0,0.0,226,0.0,57.363128364405185,0.0,-1822.138232171929,Referencia (Sin Impuesto)
350,0.0,0.0,226,0.0,57.363128364405185,0.0,-1822.138232171929,Referencia (Sin Impuesto)
351,0.0,0.0,226,0.0,57.363128364405185,0.0,-1822.138232171929,Referencia (Sin Impuesto)
352,0.0,0.0,226,0.0,57.363128364405185,0.0,-1822.138232171929,Referencia (Sin Impuesto)
353,0.0,0.0,226,0.0,57.363128364405185,0.0,-1822.138232171929,Referencia (Sin Impuesto)
354,0.0,0.0,226,0.0,57.363128364405185,0.0,-1822.138232171929,Referencia (Sin Impuesto)
355,0.0,0.0,226,0.0,57.363128364405185,0.0,-1822.138232171929,Referencia (Sin Impuesto)
356,0.0,0.0,226,0.0,57.363128364405185,0.0,-1822.138232171929,Referencia (Sin Impuesto)
357,0.0,0.0,226,0.0,57.363128364405185,0.0,-1822.138232171929,Referencia (Sin Impuesto)
358,0.0,0.0,226,0.0,57.363128364405185,0.0,-1822.138232171929,Referencia (Sin Impuesto)
359,0.0,0.0,226,0.0,57.363128364405185,0.0,-1822.138232171929,Referencia (Sin Impuesto)
360,0.0,0.0,226,0.0,57.363128364405185,0.0,-1822.138232171929,Referencia (Sin Impuesto)
361,0.0,0.0,226,0.0,57.363128364405185,0.0,-1822.138232171929,Referencia (Sin Impuesto)
362,0.0,0.0,226,0.0,57.363128364405185,0.0,-1822.138232171929,Referencia (Sin Impuesto)
363,0.0,0.0,226,0.0,57.363128364405185,0.0,-1822.138232171929,Referencia (Sin Impuesto)
364,0.0,0.0,226,0.0,57.363128364405185,0.0,-1822.138232171929,Referencia (Sin Impuesto)
365,0.0,0.0,226,0.0,57.363128364405185,0.0,-1822.138232171929,Referencia (Sin Impuesto)
366,0.0,0.0,226,0.0,57.363128364405185,0.0,-1822.138232171929,Referencia (Sin Impuesto)
367,0.0,0.0,226,0.0,57.363128364405185,0.0,-1822.138232171929,Referencia (Sin Impuesto)
368,0.0,0.0,226,0.0,57.363128364405185,0.0,-1822.138232171929,Referencia (Sin Impuesto)
369,0.0,0.0,226,0.0,57.363128364405185,0.0,-1822.138232171929,Referencia (Sin Impuesto)
370,0.0,0.0,226,0.0,57.363128364405185,0.0,-1822.138232171929,Referencia (Sin Impuesto)
371,0.0,0.0,226,0.0,57.363128364405185,0.0,-1822.138232171929,Referencia (Sin Impuesto)
372,0.0,0.0,226,0.0,57.363128364405185,0.0,-1822.138232171929,Referencia (Sin Impuesto)
373,0.0,0.0,226,0.0,57.363128364405185,0.0,-1822.138232171929,Referencia (Sin Impuesto)
374,0.0,0.0,226,0.0,57.363128364405185,0.0,-1822.138232171929,Referencia (Sin Impuesto)
375,0.0,0.0,226,0.0,57.363128364405185,0.0,-1822.138232171929,Referencia (Sin Impuesto)
376,0.0,0.0,226,0.0,57.363128364405185,0.0,-1822.138232171929,Referencia (Sin Impuesto)
377,0.0,0.0,226,0.0,57.363128364405185,0.0,-1822.138232171929,Referencia (Sin Impuesto)
378,0.0,0.0,226,0.0,57.363128364405185,0.0,-1822.138232171929,Referencia (Sin Impuesto)
379,0.0,0.0,226,0.0,57.363128364405185,0.0,-1822.138232171929,Referencia (Sin Impuesto)
380,0.0,0.0,226,0.0,57.363128364405185,0.0,-1822.138232171929,Referencia (Sin Impuesto)
381,0.0,0.0,226,0.0,57.363128364405185,0.0,-1822.138232171929,Referencia (Sin Impuesto)
382,0.0,0.0,226,0.0,57.363128364405185,0.0,-1822.138232171929,Referencia (Sin Impuesto)
383,0.0,0.0,226,0.0,57.363128364405185,0.0,-1822.138232171929,Referencia (Sin Impuesto)
384,0.0,0.0,226,0.0,57.363128364405185,0.0,-1822.138232171929,Referencia (Sin Impuesto)
385,0.0,0.0,226,0.0,57.363128364405185,0.0,-1822.138232171929,Referencia (Sin Impuesto)
386,0.0,0.0,226,0.0,57.363128364405185,0.0,-1822.138232171929,Referencia (Sin Impuesto)
387,0.0,0.0,226,0.0,57.363128364405185,0.0,-1822.138232171929,Referencia (Sin Impuesto)
388,0.0,0.0,226,0.0,57.363128364405185,0.0,-1822.138232171929,Referencia (Sin Impuesto)
389,0.0,0.0,226,0.0,57.363128364405185,0.0,-1822.138232171929,Referencia (Sin Impuesto)
390,0.0,0.0,226,0.0,57.363128364405185,0.0,-1822.138232171929,Referencia (Sin Impuesto)
391,0.0,0.0,226,0.0,57.363128364405185,0.0,-1822.138232171929,Referencia (Sin Impuesto)
392,0.0,0.0,226,0.0,57.363128364405185,0.0,-1822.138232171929,Referencia (Sin Impuesto)
393,0.0,0.0,226,0.0,57.363128364405185,0.0,-1822.138232171929,Referencia (Sin Impuesto)
394,0.0,0.0,226,0.0,57.363128364405185,0.0,-1822.138232171929,Referencia (Sin Impuesto)
395,0.0,0.0,226,0.0,57.363128364405185,0.0,-1822.138232171929,Referencia (Sin Impuesto)
396,0.0,0.0,226,0.0,57.363128364405185,0.0,-1822.138232171929,Referencia (Sin Impuesto)
397,0.0,0.0,226,0.0,57.363128364405185,0.0,-1822.138232171929,Referencia (Sin Impuesto)
398,0.0,0.0,226,0.0,57.363128364405185,0.0,-1822.138232171929,Referencia (Sin Impuesto)
399,0.0,0.0,226,0.0,57.363128364405185,0.0,-1822.138232171929,Referencia (Sin Impuesto)
400,0.0,0.0,226,0.0,57.363128364405185,0.0,-1822.138232171929,Referencia (Sin Impuesto)
401,0.0,0.0,226,0.0,57.363128364405185,0.0,-1822.138232171929,Referencia (Sin Impuesto)
402,0.0,0.0,226,0.0,57.363128364405185,0.0,-1822.138232171929,Referencia (Sin Impuesto)
403,0.0,0.0,226,0.0,57.363128364405185,0.0,-1822.138232171929,Referencia (Sin Impuesto)
404,0.0,0.0,226,0.0,57.363128364405185,0.0,-1822.138232171929,Referencia (Sin Impuesto)
405,0.0,0.0,226,0.0,57.363128364405185,0.0,-1822.138232171929,Referencia (Sin Impuesto)
406,0.0,0.0,226,0.0,57.363128364405185,0.0,-1822.138232171929,Referencia (Sin Impuesto)
407,0.0,0.0,226,0.0,57.363128364405185,0.0,-1822.138232171929,Referencia (Sin Impuesto)
408,0.0,0.0,226,0.0,57.363128364405185,0.0,-1822.138232171929,Referencia (Sin Impuesto)
409,0.0,0.0,226,0.0,57.363128364405185,0.0,-1822.138232171929,Referencia (Sin Impuesto)
410,0.0,0.0,226,0.0,57.363128364405185,0.0,-1822.138232171929,Referencia (Sin Impuesto)
411,0.0,0.0,226,0.0,57.363128364405185,0.0,-1822.138232171929,Referencia (Sin Impuesto)
412,0.0,0.0,226,0.0,57.363128364405185,0.0,-1822.138232171929,Referencia (Sin Impuesto)
413,0.0,0.0,226,0.0,57.363128364405185,0.0,-1822.138232171929,Referencia (Sin Impuesto)
414,0.0,0.0,226,0.0,57.363128364405185,0.0,-1822.138232171929,Referencia (Sin Impuesto)
415,0.0,0.0,226,0.0,57.363128364405185,0.0,-1822.138232171929,Referencia (Sin Impuesto)
416,0.0,0.0,226,0.0,57.363128364405185,0.0,-1822.138232171929,Referencia (Sin Impuesto)
417,0.0,0.0,226,0.0,57.363128364405185,0.0,-1822.138232171929,Referencia (Sin Impuesto)
418,0.0,0.0,226,0.0,57.363128364405185,0.0,-1822.138232171929,Referencia (Sin Impuesto)
419,0.0,0.0,226,0.0,57.363128364405185,0.0,-1822.138232171929,Referencia (Sin Impuesto)
420,0.0,0.0,226,0.0,57.363128364405185,0.0,-1822.138232171929,Referencia (Sin Impuesto)
421,0.0,0.0,226,0.0,57.363128364405185,0.0,-1822.138232171929,Referencia (Sin Impuesto)
422,0.0,0.0,226,0.0,57.363128364405185,0.0,-1822.138232171929,Referencia (Sin Impuesto)
423,0.0,0.0,226,0.0,57.363128364405185,0.0,-1822.138232171929,Referencia (Sin Impuesto)
424,0.0,0.0,226,0.0,57.363128364405185,0.0,-1822.138232171929,Referencia (Sin Impuesto)
425,0.0,0.0,226,0.0,57.363128364405185,0.0,-1822.138232171929,Referencia (Sin Impuesto)
426,0.0,0.0,226,0.0,57.363128364405185,0.0,-1822.138232171929,Referencia (Sin Impuesto)
427,0.0,0.0,226,0.0,57.363128364405185,0.0,-1822.138232171929,Referencia (Sin Impuesto)
428,0.0,0.0,226,0.0,57.363128364405185,0.0,-1822.138232171929,Referencia (Sin Impuesto)
429,0.0,0.0,226,0.0,57.363128364405185,0.0,-1822.138232171929,Referencia (Sin Impuesto)
430,0.0,0.0,226,0.0,57.363128364405185,0.0,-1822.138232171929,Referencia (Sin Impuesto)
431,0.0,0.0,226,0.0,57.363128364405185,0.0,-1822.138232171929,Referencia (Sin Impuesto)
432,0.0,0.0,226,0.0,57.363128364405185,0.0,-1822.138232171929,Referencia (Sin Impuesto)
433,0.0,0.0,226,0.0,57.363128364405185,0.0,-1822.138232171929,Referencia (Sin Impuesto)
434,0.0,0.0,226,0.0,57.363128364405185,0.0,-1822.138232171929,Referencia (Sin Impuesto)
435,0.0,0.0,226,0.0,57.363128364405185,0.0,-1822.138232171929,Referencia (Sin Impuesto)
436,0.0,0.0,226,0.0,57.363128364405185,0.0,-1822.138232171929,Referencia (Sin Impuesto)
437,0.0,0.0,226,0.0,57.363128364405185,0.0,-1822.138232171929,Referencia (Sin Impuesto)
438,0.0,0.0,226,0.0,57.363128364405185,0.0,-1822.138232171929,Referencia (Sin Impuesto)
439,0.0,0.0,226,0.0,57.363128364405185,0.0,-1822.138232171929,Referencia (Sin Impuesto)
440,0.0,0.0,226,0.0,57.363128364405185,0.0,-1822.138232171929,Referencia (Sin Impuesto)
441,0.0,0.0,226,0.0,57.363128364405185,0.0,-1822.138232171929,Referencia (Sin Impuesto)
442,0.0,0.0,226,0.0,57.363128364405185,0.0,-1822.138232171929,Referencia (Sin Impuesto)
443,0.0,0.0,226,0.0,57.363128364405185,0.0,-1822.138232171929,Referencia (Sin Impuesto)
444,0.0,0.0,226,0.0,57.363128364405185,0.0,-1822.138232171929,Referencia (Sin Impuesto)
445,0.0,0.0,226,0.0,57.363128364405185,0.0,-1822.138232171929,Referencia (Sin Impuesto)
446,0.0,0.0,226,0.0,57.363128364405185,0.0,-1822.138232171929,Referencia (Sin Impuesto)
447,0.0,0.0,226,0.0,57.363128364405185,0.0,-1822.138232171929,Referencia (Sin Impuesto)
448,0.0,0.0,226,0.0,57.363128364405185,0.0,-1822.138232171929,Referencia (Sin Impuesto)
449,0.0,0.0,226,0.0,57.363128364405185,0.0,-1822.138232171929,Referencia (Sin Impuesto)
450,0.0,0.0,226,0.0,57.363128364405185,0.0,-1822.138232171929,Referencia (Sin Impuesto)
451,0.0,0.0,226,0.0,57.363128364405185,0.0,-1822.138232171929,Referencia (Sin Impuesto)
452,0.0,0.0,226,0.0,57.363128364405185,0.0,-1822.138232171929,Referencia (Sin Impuesto)
453,0.0,0.0,226,0.0,57.363128364405185,0.0,-1822.138232171929,Referencia (Sin Impuesto)
454,0.0,0.0,226,0.0,57.363128364405185,0.0,-1822.138232171929,Referencia (Sin Impuesto)
455,0.0,0.0,226,0.0,57.363128364405185,0.0,-1822.138232171929,Referencia (Sin Impuesto)
456,0.0,0.0,226,0.0,57.363128364405185,0.0,-1822.138232171929,Referencia (Sin Impuesto)
457,0.0,0.0,226,0.0,57.363128364405185,0.0,-1822.138232171929,Referencia (Sin Impuesto)
458,0.0,0.0,226,0.0,57.363128364405185,0.0,-1822.138232171929,Referencia (Sin Impuesto)
459,0.0,0.0,226,0.0,57.363128364405185,0.0,-1822.138232171929,Referencia (Sin Impuesto)
460,0.0,0.0,226,0.0,57.363128364405185,0.0,-1822.138232171929,Referencia (Sin Impuesto)
461,0.0,0.0,226,0.0,57.363128364405185,0.0,-1822.138232171929,Referencia (Sin Impuesto)
462,0.0,0.0,226,0.0,57.363128364405185,0.0,-1822.138232171929,Referencia (Sin Impuesto)
463,0.0,0.0,226,0.0,57.363128364405185,0.0,-1822.138232171929,Referencia (Sin Impuesto)
464,0.0,0.0,226,0.0,57.363128364405185,0.0,-1822.138232171929,Referencia (Sin Impuesto)
465,0.0,0.0,226,0.0,57.363128364405185,0.0,-1822.138232171929,Referencia (Sin Impuesto)
466,0.0,0.0,226,0.0,57.363128364405185,0.0,-1822.138232171929,Referencia (Sin Impuesto)
467,0.0,0.0,226,0.0,57.363128364405185,0.0,-1822.138232171929,Referencia (Sin Impuesto)
468,0.0,0.0,226,0.0,57.363128364405185,0.0,-1822.138232171929,Referencia (Sin Impuesto)
469,0.0,0.0,226,0.0,57.363128364405185,0.0,-1822.138232171929,Referencia (Sin Impuesto)
470,0.0,0.0,226,0.0,57.363128364405185,0.0,-1822.138232171929,Referencia (Sin Impuesto)
471,0.0,0.0,226,0.0,57.363128364405185,0.0,-1822.138232171929,Referencia (Sin Impuesto)
472,0.0,0.0,226,0.0,57.363128364405185,0.0,-1822.138232171929,Referencia (Sin Impuesto)
473,0.0,0.0,226,0.0,57.363128364405185,0.0,-1822.138232171929,Referencia (Sin Impuesto)
474,0.0,0.0,226,0.0,57.363128364405185,0.0,-1822.138232171929,Referencia (Sin Impuesto)
475,0.0,0.0,226,0.0,57.363128364405185,0.0,-1822.138232171929,Referencia (Sin Impuesto)
476,0.0,0.0,226,0.0,57.363128364405185,0.0,-1822.138232171929,Referencia (Sin Impuesto)
477,0.0,0.0,226,0.0,57.363128364405185,0.0,-1822.138232171929,Referencia (Sin Impuesto)
478,0.0,0.0,226,0.0,57.363128364405185,0.0,-1822.138232171929,Referencia (Sin Impuesto)
479,0.0,0.0,226,0.0,57.363128364405185,0.0,-1822.138232171929,Referencia (Sin Impuesto)
480,0.0,0.0,226,0.0,57.363128364405185,0.0,-1822.138232171929,Referencia (Sin Impuesto)
481,0.0,0.0,226,0.0,57.363128364405185,0.0,-1822.138232171929,Referencia (Sin Impuesto)
482,0.0,0.0,226,0.0,57.363128364405185,0.0,-1822.138232171929,Referencia (Sin Impuesto)
483,0.0,0.0,226,0.0,57.363128364405185,0.0,-1822.138232171929,Referencia (Sin Impuesto)
484,0.0,0.0,226,0.0,57.363128364405185,0.0,-1822.138232171929,Referencia (Sin Impuesto)
485,0.0,0.0,226,0.0,57.363128364405185,0.0,-1822.138232171929,Referencia (Sin Impuesto)
486,0.0,0.0,226,0.0,57.363128364405185,0.0,-1822.138232171929,Referencia (Sin Impuesto)
487,0.0,0.0,226,0.0,57.363128364405185,0.0,-1822.138232171929,Referencia (Sin Impuesto)
488,0.0,0.0,226,0.0,57.363128364405185,0.0,-1822.138232171929,Referencia (Sin Impuesto)
489,0.0,0.0,226,0.0,57.363128364405185,0.0,-1822.138232171929,Referencia (Sin Impuesto)
490,0.0,0.0,226,0.0,57.363128364405185,0.0,-1822.138232171929,Referencia (Sin Impuesto)
491,0.0,0.0,226,0.0,57.363128364405185,0.0,-1822.138232171929,Referencia (Sin Impuesto)
492,0.0,0.0,226,0.0,57.363128364405185,0.0,-1822.138232171929,Referencia (Sin Impuesto)
493,0.0,0.0,226,0.0,57.363128364405185,0.0,-1822.138232171929,Referencia (Sin Impuesto)
494,0.0,0.0,226,0.0,57.363128364405185,0.0,-1822.138232171929,Referencia (Sin Impuesto)
495,0.0,0.0,226,0.0,57.363128364405185,0.0,-1822.138232171929,Referencia (Sin Impuesto)
496,0.0,0.0,226,0.0,57.363128364405185,0.0,-1822.138232171929,Referencia (Sin Impuesto)
497,0.0,0.0,226,0.0,57.363128364405185,0.0,-1822.138232171929,Referencia (Sin Impuesto)
498,0.0,0.0,226,0.0,57.363128364405185,0.0,-1822.138232171929,Referencia (Sin Impuesto)
499,0.0,0.0,226,0.0,57.363128364405185,0.0,-1822.138232171929,Referencia (Sin Impuesto)
0,1.6653345369377348e-15,130.00000000000006,0,7353.450763510008,0.0,0.0,40154.8094897581,ITF (Tasa Tobin)
1,7.882583474838611e-15,130.0,0,9372.167736110145,0.0,0.0,40361.37803301539,ITF (Tasa Tobin)
2,7.993605777301127e-15,130.0,0,10917.34839909885,0.0,0.0,40604.669625725,ITF (Tasa Tobin)
3,6.994405055138486e-15,130.00000000000003,0,12268.24937302179,193.5012477788159,0.07740049911152636,40882.492341033496,ITF (Tasa Tobin)
4,8.215650382226158e-15,130.0,0,13717.963297905648,231.74388016923274,0.015297052956166738,41195.53090933793,ITF (Tasa Tobin)
5,7.993605777301127e-15,130.00000000000003,0,14922.37272700181,514.4818408292022,0.11309518426398779,41547.93415066031,ITF (Tasa Tobin)
6,7.993605777301127e-15,130.0,0,16418.804179325525,514.4818408292023,0.0,41932.27582526157,ITF (Tasa Tobin)
7,8.215650382226158e-15,130.00000000000003,0,18293.953787877817,514.4818408292023,0.0,42366.3290293823,ITF (Tasa Tobin)
8,6.772360450213455e-15,130.0,0,19201.891510384186,981.6026035871851,0.18684830510319317,42825.437048226755,ITF (Tasa Tobin)
9,8.992806499463768e-15,130.00000000000003,0,20296.38018117341,1660.6742597617263,0.2716286624698165,43312.78618079052,ITF (Tasa Tobin)
10,6.661338147750939e-15,130.0,0,21991.51115463893,2172.9892722654677,0.2049260050014965,43842.202061781994,ITF (Tasa Tobin)
11,8.43769498715119e-15,130.00000000000003,0,23418.646656634748,2404.6295541205805,0.09265611274204531,44403.234907533326,ITF (Tasa Tobin)
12,6.328271240363392e-15,130.00000000000003,0,24979.412215072403,2428.5368853328064,0.009562932484890098,44996.77500684852,ITF (Tasa Tobin)
13,7.327471962526033e-15,130.0,0,27027.389837697385,2724.61039242139,0.1184294028354335,45638.34422338238,ITF (Tasa Tobin)
14,6.8833827526759706e-15,130.00000000000006,0,28716.670378548573,2724.61039242139,0.0,46317.44202617396,ITF (Tasa Tobin)
15,8.43769498715119e-15,130.00000000000003,0,30120.079874439,2724.61039242139,0.0,47024.258660581414,ITF (Tasa Tobin)
16,8.548717289613705e-15,130.0,0,31170.505786962,3044.480858433133,0.11784757388374174,47761.10321464266,ITF (Tasa Tobin)
17,7.216449660063518e-15,130.00000000000006,3,31782.610598762065,3520.4874819411366,0.1707393265248343,47731.49029008592,ITF (Tasa Tobin)
18,6.8833827526759706e-15,130.00000000000003,5,33633.9281311917,3998.827902472931,0.1885520104275899,48022.77862995796,ITF (Tasa Tobin)
19,7.216449660063518e-15,130.00000000000003,6,34956.677391191144,4674.79981530429,0.2565403089516167,48576.34592968853,ITF (Tasa Tobin)
20,7.993605777301127e-15,130.0,9,35993.74280793317,5394.177527122578,0.27606125516824703,48507.25159546586,ITF (Tasa Tobin)
21,6.217248937900877e-15,130.0,12,36897.59836634784,5932.198427551131,0.20299343612072107,48457.57375004662,ITF (Tasa Tobin)
22,9.2148511043888e-15,130.00000000000003,23,33941.84738420548,6247.095265418218,0.11717259738646704,45493.831086144266,ITF (Tasa Tobin)
23,5.10702591327572e-15,130.00000000000003,34,31403.213587844184,6823.605113760115,0.193352788826927,42095.34104180667,ITF (Tasa Tobin)
24,6.716849298982197e-15,130.0,39,31693.39031864769,7822.119528196925,0.36984664767019937,40951.33095897589,ITF (Tasa Tobin)
25,6.356026815979021e-15,130.0,50,28278.582376258535,8335.562286568145,0.171899814622444,37125.353478675366,ITF (Tasa Tobin)
26,6.716849298982197e-15,130.0,64,23940.637227091393,8901.515262814512,0.16685385247481527,31326.690445578115,ITF (Tasa Tobin)
27,6.661338147750939e-15,130.00000000000003,73,20728.649898462005,9462.570867577533,0.14566624680278292,27354.721929168445,ITF (Tasa Tobin)
28,7.688294445529209e-15,130.00000000000003,81,18022.748848070136,9923.282030652808,0.09789564747373802,23784.6185781963,ITF (Tasa Tobin)
29,8.854028621385623e-15,130.0,87,15575.044584693911,10742.527462885046,0.18674497475610935,20914.68082226032,ITF (Tasa Tobin)
30,6.161737786669619e-15,130.00000000000003,96,12656.50046166846,11914.373610930526,0.23067536991195886,17484.51987567587,ITF (Tasa Tobin)
31,7.93809462606987e-15,130.0,101,11765.978954330132,13099.08174660851,0.17375699208456769,15521.478846347316,ITF (Tasa Tobin)
32,6.744604874597826e-15,130.0,106,11121.130530315755,13911.876504377127,0.17695901413418047,14786.23452570379,ITF (Tasa Tobin)
33,6.9111383282915995e-15,130.0,118,9433.534781418448,14963.885647527595,0.08248232862659673,12611.359688303542,ITF (Tasa Tobin)
34,6.7307270867900115e-15,130.0,125,9561.417031535731,15939.934597827156,0.13412036032957417,12160.40452928916,ITF (Tasa Tobin)
35,8.1601392309949e-15,130.0,138,8629.225969842228,16949.265298783343,0.10484062986601941,10854.567931551357,ITF (Tasa Tobin)
36,8.451572774959004e-15,130.0,151,6543.288103457287,19644.330546167246,0.12120959759006743,8556.79060889092,ITF (Tasa Tobin)
37,4.093947403305265e-15,130.00000000000003,170,3995.209456230703,20728.140268971176,0.06699129285819509,5554.574794281628,ITF (Tasa Tobin)
38,7.882583474838611e-15,130.00000000000003,188,2405.4258916103427,34806.465651751445,0.03659684853847876,3569.87229793953,ITF (Tasa Tobin)
39,5.259681579161679e-15,105.50000000000001,209,347.0611293222209,670.2949559687726,0.0,-204.59047649260165,ITF (Tasa Tobin)
40,4.829470157119431e-15,88.7,213,412.97027407636017,618.9984330105133,0.004348467147244183,-428.46313729044766,ITF (Tasa Tobin)
41,1.609823385706477e-15,37.900000000000006,219,149.46874177572204,0.01,0.0,-1069.146717359584,ITF (Tasa Tobin)
42,1.0408340855860843e-15,31.800000000000008,222,162.78255951466576,0.01,0.0,-1180.7222149278828,ITF (Tasa Tobin)
43,6.938893903907228e-17,11.000000000000002,224,0.0,0.01,0.0,-1337.7620158521502,ITF (Tasa Tobin)
44,1.3877787807814457e-17,5.8,224,0.0,0.01,0.0,-1337.7620158521502,ITF (Tasa Tobin)
45,2.7755575615628914e-17,1.1,224,0.0,0.01,0.0,-1337.7620158521502,ITF (Tasa Tobin)
46,1.387778780781446e-17,0.20000000000000004,224,0.0,0.01,0.0,-1337.7620158521502,ITF (Tasa Tobin)
47,0.0,0.2,224,0.0,0.01,0.0,-1337.7620158521502,ITF (Tasa Tobin)
48,0.0,0.0,224,0.0,0.01,0.0,-1337.7620158521502,ITF (Tasa Tobin)
49,0.0,0.0,224,0.0,0.01,0.0,-1337.7620158521502,ITF (Tasa Tobin)
50,0.0,0.0,224,0.0,0.01,0.0,-1337.7620158521502,ITF (Tasa Tobin)
51,0.0,0.0,224,0.0,0.01,0.0,-1337.7620158521502,ITF (Tasa Tobin)
52,0.0,6.2,224,58.80970305892788,0.01,0.0,-1336.5239168403832,ITF (Tasa Tobin)
53,0.0,1.3000000000000003,224,55.869217905981486,0.01,0.0,-1335.3477227792046,ITF (Tasa Tobin)
54,0.0,0.0,225,0.0,0.01,0.0,-1390.8005605402652,ITF (Tasa Tobin)
55,0.0,2.0,225,0.0,0.01,0.0,-1390.8005605402652,ITF (Tasa Tobin)
56,0.0,0.5,225,0.0,0.01,0.0,-1390.8005605402652,ITF (Tasa Tobin)
57,0.0,0.20000000000000004,225,0.0,0.01,0.0,-1390.8005605402652,ITF (Tasa Tobin)
58,0.0,0.1,225,0.0,0.01,0.0,-1390.8005605402652,ITF (Tasa Tobin)
59,0.0,0.0,225,0.0,0.01,0.0,-1390.8005605402652,ITF (Tasa Tobin)
60,0.0,0.0,225,0.0,0.01,0.0,-1390.8005605402652,ITF (Tasa Tobin)
61,0.0,0.0,225,0.0,0.01,0.0,-1390.8005605402652,ITF (Tasa Tobin)
62,0.0,0.0,225,0.0,0.01,0.0,-1390.8005605402652,ITF (Tasa Tobin)
63,0.0,0.0,225,0.0,0.01,0.0,-1390.8005605402652,ITF (Tasa Tobin)
64,0.0,0.0,225,0.0,0.01,0.0,-1390.8005605402652,ITF (Tasa Tobin)
65,0.0,0.0,225,0.0,0.01,0.0,-1390.8005605402652,ITF (Tasa Tobin)
66,0.0,0.0,225,0.0,0.01,0.0,-1390.8005605402652,ITF (Tasa Tobin)
67,0.0,0.0,225,0.0,0.01,0.0,-1390.8005605402652,ITF (Tasa Tobin)
68,0.0,0.0,225,0.0,0.01,0.0,-1390.8005605402652,ITF (Tasa Tobin)
69,0.0,0.0,225,0.0,0.01,0.0,-1390.8005605402652,ITF (Tasa Tobin)
70,0.0,0.0,225,0.0,0.01,0.0,-1390.8005605402652,ITF (Tasa Tobin)
71,0.0,0.0,225,0.0,0.01,0.0,-1390.8005605402652,ITF (Tasa Tobin)
72,0.0,0.0,225,0.0,0.01,0.0,-1390.8005605402652,ITF (Tasa Tobin)
73,0.0,0.0,225,0.0,0.01,0.0,-1390.8005605402652,ITF (Tasa Tobin)
74,0.0,0.0,225,0.0,0.01,0.0,-1390.8005605402652,ITF (Tasa Tobin)
75,0.0,0.0,225,0.0,0.01,0.0,-1390.8005605402652,ITF (Tasa Tobin)
76,0.0,0.0,225,0.0,0.01,0.0,-1390.8005605402652,ITF (Tasa Tobin)
77,0.0,0.0,225,0.0,0.01,0.0,-1390.8005605402652,ITF (Tasa Tobin)
78,0.0,0.0,225,0.0,0.01,0.0,-1390.8005605402652,ITF (Tasa Tobin)
79,0.0,0.0,225,0.0,0.01,0.0,-1390.8005605402652,ITF (Tasa Tobin)
80,0.0,0.0,225,0.0,0.01,0.0,-1390.8005605402652,ITF (Tasa Tobin)
81,0.0,0.0,225,0.0,0.01,0.0,-1390.8005605402652,ITF (Tasa Tobin)
82,0.0,0.0,225,0.0,0.01,0.0,-1390.8005605402652,ITF (Tasa Tobin)
83,0.0,0.0,225,0.0,0.01,0.0,-1390.8005605402652,ITF (Tasa Tobin)
84,0.0,0.0,225,0.0,0.01,0.0,-1390.8005605402652,ITF (Tasa Tobin)
85,0.0,0.0,225,0.0,0.01,0.0,-1390.8005605402652,ITF (Tasa Tobin)
86,0.0,0.0,225,0.0,0.01,0.0,-1390.8005605402652,ITF (Tasa Tobin)
87,0.0,0.0,225,0.0,0.01,0.0,-1390.8005605402652,ITF (Tasa Tobin)
88,0.0,0.0,225,0.0,0.01,0.0,-1390.8005605402652,ITF (Tasa Tobin)
89,0.0,0.0,225,0.0,0.01,0.0,-1390.8005605402652,ITF (Tasa Tobin)
90,0.0,5.0,225,47.95344777824581,0.01,0.0,-1389.7910142712494,ITF (Tasa Tobin)
91,0.0,2.6,225,45.55577538933352,0.01,0.0,-1388.8319453156846,ITF (Tasa Tobin)
92,2.220446049250313e-16,1.2999999999999998,225,43.277986619866844,0.01,0.0,-1387.920829807898,ITF (Tasa Tobin)
93,0.0,0.5000000000000002,225,41.1140872888735,0.01,0.0,-1387.0552700755006,ITF (Tasa Tobin)
94,0.0,0.0,226,0.0,0.01,0.0,-1427.8745057849496,ITF (Tasa Tobin)
95,0.0,2.0,226,0.0,0.01,0.0,-1427.8745057849496,ITF (Tasa Tobin)
96,0.0,1.3,226,0.0,0.01,0.0,-1427.8745057849496,ITF (Tasa Tobin)
97,0.0,0.8000000000000002,226,0.0,0.01,0.0,-1427.8745057849496,ITF (Tasa Tobin)
98,0.0,0.6000000000000001,226,0.0,0.01,0.0,-1427.8745057849496,ITF (Tasa Tobin)
99,0.0,0.4,226,0.0,0.01,0.0,-1427.8745057849496,ITF (Tasa Tobin)
100,0.0,0.30000000000000004,226,0.0,0.01,0.0,-1427.8745057849496,ITF (Tasa Tobin)
101,0.0,0.20000000000000004,226,0.0,0.01,0.0,-1427.8745057849496,ITF (Tasa Tobin)
102,1.3877787807814457e-17,0.09999999999999999,226,0.0,0.01,0.0,-1427.8745057849496,ITF (Tasa Tobin)
103,2.7755575615628914e-17,0.09999999999999999,226,0.0,0.01,0.0,-1427.8745057849496,ITF (Tasa Tobin)
104,0.0,0.10000000000000006,226,0.0,0.01,0.0,-1427.8745057849496,ITF (Tasa Tobin)
105,0.0,0.10000000000000003,226,0.0,0.01,0.0,-1427.8745057849496,ITF (Tasa Tobin)
106,0.0,0.10000000000000002,226,0.0,0.01,0.0,-1427.8745057849496,ITF (Tasa Tobin)
107,0.0,0.0,226,0.0,0.01,0.0,-1427.8745057849496,ITF (Tasa Tobin)
108,0.0,0.0,226,0.0,0.01,0.0,-1427.8745057849496,ITF (Tasa Tobin)
109,0.0,0.0,226,0.0,0.01,0.0,-1427.8745057849496,ITF (Tasa Tobin)
110,0.0,0.0,226,0.0,0.01,0.0,-1427.8745057849496,ITF (Tasa Tobin)
111,0.0,0.0,226,0.0,0.01,0.0,-1427.8745057849496,ITF (Tasa Tobin)
112,0.0,0.0,226,0.0,0.01,0.0,-1427.8745057849496,ITF (Tasa Tobin)
113,0.0,0.0,226,0.0,0.01,0.0,-1427.8745057849496,ITF (Tasa Tobin)
114,0.0,0.0,226,0.0,0.01,0.0,-1427.8745057849496,ITF (Tasa Tobin)
115,0.0,0.0,226,0.0,0.01,0.0,-1427.8745057849496,ITF (Tasa Tobin)
116,0.0,0.0,226,0.0,0.01,0.0,-1427.8745057849496,ITF (Tasa Tobin)
117,0.0,0.0,226,0.0,0.01,0.0,-1427.8745057849496,ITF (Tasa Tobin)
118,0.0,0.0,226,0.0,0.01,0.0,-1427.8745057849496,ITF (Tasa Tobin)
119,0.0,0.0,226,0.0,0.01,0.0,-1427.8745057849496,ITF (Tasa Tobin)
120,0.0,0.0,226,0.0,0.01,0.0,-1427.8745057849496,ITF (Tasa Tobin)
121,0.0,0.0,226,0.0,0.01,0.0,-1427.8745057849496,ITF (Tasa Tobin)
122,0.0,0.0,226,0.0,0.01,0.0,-1427.8745057849496,ITF (Tasa Tobin)
123,0.0,0.0,226,0.0,0.01,0.0,-1427.8745057849496,ITF (Tasa Tobin)
124,0.0,0.0,226,0.0,0.01,0.0,-1427.8745057849496,ITF (Tasa Tobin)
125,0.0,0.0,226,0.0,0.01,0.0,-1427.8745057849496,ITF (Tasa Tobin)
126,0.0,0.0,226,0.0,0.01,0.0,-1427.8745057849496,ITF (Tasa Tobin)
127,0.0,0.0,226,0.0,0.01,0.0,-1427.8745057849496,ITF (Tasa Tobin)
128,0.0,0.0,226,0.0,0.01,0.0,-1427.8745057849496,ITF (Tasa Tobin)
129,0.0,0.0,226,0.0,0.01,0.0,-1427.8745057849496,ITF (Tasa Tobin)
130,0.0,0.0,226,0.0,0.01,0.0,-1427.8745057849496,ITF (Tasa Tobin)
131,0.0,0.0,226,0.0,0.01,0.0,-1427.8745057849496,ITF (Tasa Tobin)
132,0.0,0.0,226,0.0,0.01,0.0,-1427.8745057849496,ITF (Tasa Tobin)
133,0.0,0.0,226,0.0,0.01,0.0,-1427.8745057849496,ITF (Tasa Tobin)
134,0.0,0.0,226,0.0,0.01,0.0,-1427.8745057849496,ITF (Tasa Tobin)
135,0.0,0.0,226,0.0,0.01,0.0,-1427.8745057849496,ITF (Tasa Tobin)
136,0.0,0.0,226,0.0,0.01,0.0,-1427.8745057849496,ITF (Tasa Tobin)
137,0.0,0.0,226,0.0,0.01,0.0,-1427.8745057849496,ITF (Tasa Tobin)
138,0.0,0.0,226,0.0,0.01,0.0,-1427.8745057849496,ITF (Tasa Tobin)
139,0.0,0.0,226,0.0,0.01,0.0,-1427.8745057849496,ITF (Tasa Tobin)
140,0.0,0.0,226,0.0,0.01,0.0,-1427.8745057849496,ITF (Tasa Tobin)
141,0.0,0.0,226,0.0,0.01,0.0,-1427.8745057849496,ITF (Tasa Tobin)
142,0.0,0.0,226,0.0,0.01,0.0,-1427.8745057849496,ITF (Tasa Tobin)
143,0.0,0.0,226,0.0,0.01,0.0,-1427.8745057849496,ITF (Tasa Tobin)
144,0.0,0.0,226,0.0,0.01,0.0,-1427.8745057849496,ITF (Tasa Tobin)
145,0.0,0.0,226,0.0,0.01,0.0,-1427.8745057849496,ITF (Tasa Tobin)
146,0.0,0.0,226,0.0,0.01,0.0,-1427.8745057849496,ITF (Tasa Tobin)
147,0.0,0.0,226,0.0,0.01,0.0,-1427.8745057849496,ITF (Tasa Tobin)
148,0.0,0.0,226,0.0,0.01,0.0,-1427.8745057849496,ITF (Tasa Tobin)
149,0.0,0.0,226,0.0,0.01,0.0,-1427.8745057849496,ITF (Tasa Tobin)
150,0.0,0.0,226,0.0,0.01,0.0,-1427.8745057849496,ITF (Tasa Tobin)
151,0.0,0.0,226,0.0,0.01,0.0,-1427.8745057849496,ITF (Tasa Tobin)
152,0.0,0.0,226,0.0,0.01,0.0,-1427.8745057849496,ITF (Tasa Tobin)
153,0.0,0.0,226,0.0,0.01,0.0,-1427.8745057849496,ITF (Tasa Tobin)
154,0.0,0.0,226,0.0,0.01,0.0,-1427.8745057849496,ITF (Tasa Tobin)
155,0.0,0.0,226,0.0,0.01,0.0,-1427.8745057849496,ITF (Tasa Tobin)
156,0.0,0.0,226,0.0,0.01,0.0,-1427.8745057849496,ITF (Tasa Tobin)
157,0.0,0.0,226,0.0,0.01,0.0,-1427.8745057849496,ITF (Tasa Tobin)
158,0.0,0.0,226,0.0,0.01,0.0,-1427.8745057849496,ITF (Tasa Tobin)
159,0.0,0.0,226,0.0,0.01,0.0,-1427.8745057849496,ITF (Tasa Tobin)
160,0.0,0.0,226,0.0,0.01,0.0,-1427.8745057849496,ITF (Tasa Tobin)
161,0.0,0.0,226,0.0,0.01,0.0,-1427.8745057849496,ITF (Tasa Tobin)
162,0.0,0.0,226,0.0,0.01,0.0,-1427.8745057849496,ITF (Tasa Tobin)
163,0.0,0.0,226,0.0,0.01,0.0,-1427.8745057849496,ITF (Tasa Tobin)
164,0.0,0.0,226,0.0,0.01,0.0,-1427.8745057849496,ITF (Tasa Tobin)
165,0.0,0.0,226,0.0,0.01,0.0,-1427.8745057849496,ITF (Tasa Tobin)
166,0.0,0.0,226,0.0,0.01,0.0,-1427.8745057849496,ITF (Tasa Tobin)
167,0.0,0.0,226,0.0,0.01,0.0,-1427.8745057849496,ITF (Tasa Tobin)
168,0.0,0.0,226,0.0,0.01,0.0,-1427.8745057849496,ITF (Tasa Tobin)
169,0.0,0.0,226,0.0,0.01,0.0,-1427.8745057849496,ITF (Tasa Tobin)
170,0.0,0.0,226,0.0,0.01,0.0,-1427.8745057849496,ITF (Tasa Tobin)
171,0.0,0.0,226,0.0,0.01,0.0,-1427.8745057849496,ITF (Tasa Tobin)
172,0.0,0.0,226,0.0,0.01,0.0,-1427.8745057849496,ITF (Tasa Tobin)
173,0.0,0.0,226,0.0,0.01,0.0,-1427.8745057849496,ITF (Tasa Tobin)
174,0.0,0.0,226,0.0,0.01,0.0,-1427.8745057849496,ITF (Tasa Tobin)
175,0.0,0.0,226,0.0,0.01,0.0,-1427.8745057849496,ITF (Tasa Tobin)
176,0.0,0.0,226,0.0,0.01,0.0,-1427.8745057849496,ITF (Tasa Tobin)
177,0.0,0.0,226,0.0,0.01,0.0,-1427.8745057849496,ITF (Tasa Tobin)
178,0.0,0.0,226,0.0,0.01,0.0,-1427.8745057849496,ITF (Tasa Tobin)
179,0.0,0.0,226,0.0,0.01,0.0,-1427.8745057849496,ITF (Tasa Tobin)
180,0.0,0.0,226,0.0,0.01,0.0,-1427.8745057849496,ITF (Tasa Tobin)
181,0.0,0.0,226,0.0,0.01,0.0,-1427.8745057849496,ITF (Tasa Tobin)
182,0.0,0.0,226,0.0,0.01,0.0,-1427.8745057849496,ITF (Tasa Tobin)
183,0.0,0.0,226,0.0,0.01,0.0,-1427.8745057849496,ITF (Tasa Tobin)
184,0.0,0.0,226,0.0,0.01,0.0,-1427.8745057849496,ITF (Tasa Tobin)
185,0.0,0.0,226,0.0,0.01,0.0,-1427.8745057849496,ITF (Tasa Tobin)
186,0.0,0.0,226,0.0,0.01,0.0,-1427.8745057849496,ITF (Tasa Tobin)
187,0.0,0.0,226,0.0,0.01,0.0,-1427.8745057849496,ITF (Tasa Tobin)
188,0.0,0.0,226,0.0,0.01,0.0,-1427.8745057849496,ITF (Tasa Tobin)
189,0.0,0.0,226,0.0,0.01,0.0,-1427.8745057849496,ITF (Tasa Tobin)
190,0.0,0.0,226,0.0,0.01,0.0,-1427.8745057849496,ITF (Tasa Tobin)
191,0.0,0.0,226,0.0,0.01,0.0,-1427.8745057849496,ITF (Tasa Tobin)
192,0.0,0.0,226,0.0,0.01,0.0,-1427.8745057849496,ITF (Tasa Tobin)
193,0.0,0.0,226,0.0,0.01,0.0,-1427.8745057849496,ITF (Tasa Tobin)
194,0.0,0.0,226,0.0,0.01,0.0,-1427.8745057849496,ITF (Tasa Tobin)
195,0.0,0.0,226,0.0,0.01,0.0,-1427.8745057849496,ITF (Tasa Tobin)
196,0.0,0.0,226,0.0,0.01,0.0,-1427.8745057849496,ITF (Tasa Tobin)
197,0.0,0.0,226,0.0,0.01,0.0,-1427.8745057849496,ITF (Tasa Tobin)
198,0.0,0.0,226,0.0,0.01,0.0,-1427.8745057849496,ITF (Tasa Tobin)
199,0.0,0.0,226,0.0,0.01,0.0,-1427.8745057849496,ITF (Tasa Tobin)
200,0.0,0.0,226,0.0,0.01,0.0,-1427.8745057849496,ITF (Tasa Tobin)
201,0.0,0.0,226,0.0,0.01,0.0,-1427.8745057849496,ITF (Tasa Tobin)
202,0.0,0.0,226,0.0,0.01,0.0,-1427.8745057849496,ITF (Tasa Tobin)
203,0.0,0.0,226,0.0,0.01,0.0,-1427.8745057849496,ITF (Tasa Tobin)
204,0.0,0.0,226,0.0,0.01,0.0,-1427.8745057849496,ITF (Tasa Tobin)
205,0.0,0.0,226,0.0,0.01,0.0,-1427.8745057849496,ITF (Tasa Tobin)
206,0.0,0.0,226,0.0,0.01,0.0,-1427.8745057849496,ITF (Tasa Tobin)
207,0.0,0.0,226,0.0,0.01,0.0,-1427.8745057849496,ITF (Tasa Tobin)
208,0.0,0.0,226,0.0,0.01,0.0,-1427.8745057849496,ITF (Tasa Tobin)
209,0.0,0.0,226,0.0,0.01,0.0,-1427.8745057849496,ITF (Tasa Tobin)
210,0.0,0.0,226,0.0,0.01,0.0,-1427.8745057849496,ITF (Tasa Tobin)
211,0.0,0.0,226,0.0,0.01,0.0,-1427.8745057849496,ITF (Tasa Tobin)
212,0.0,0.0,226,0.0,0.01,0.0,-1427.8745057849496,ITF (Tasa Tobin)
213,0.0,0.0,226,0.0,0.01,0.0,-1427.8745057849496,ITF (Tasa Tobin)
214,0.0,0.0,226,0.0,0.01,0.0,-1427.8745057849496,ITF (Tasa Tobin)
215,0.0,0.0,226,0.0,0.01,0.0,-1427.8745057849496,ITF (Tasa Tobin)
216,0.0,0.0,226,0.0,0.01,0.0,-1427.8745057849496,ITF (Tasa Tobin)
217,0.0,0.0,226,0.0,0.01,0.0,-1427.8745057849496,ITF (Tasa Tobin)
218,0.0,0.0,226,0.0,0.01,0.0,-1427.8745057849496,ITF (Tasa Tobin)
219,0.0,0.0,226,0.0,0.01,0.0,-1427.8745057849496,ITF (Tasa Tobin)
220,0.0,0.0,226,0.0,0.01,0.0,-1427.8745057849496,ITF (Tasa Tobin)
221,0.0,0.0,226,0.0,0.01,0.0,-1427.8745057849496,ITF (Tasa Tobin)
222,0.0,0.0,226,0.0,0.01,0.0,-1427.8745057849496,ITF (Tasa Tobin)
223,0.0,0.0,226,0.0,0.01,0.0,-1427.8745057849496,ITF (Tasa Tobin)
224,0.0,0.0,226,0.0,0.01,0.0,-1427.8745057849496,ITF (Tasa Tobin)
225,0.0,0.0,226,0.0,0.01,0.0,-1427.8745057849496,ITF (Tasa Tobin)
226,0.0,0.0,226,0.0,0.01,0.0,-1427.8745057849496,ITF (Tasa Tobin)
227,0.0,0.0,226,0.0,0.01,0.0,-1427.8745057849496,ITF (Tasa Tobin)
228,0.0,0.0,226,0.0,0.01,0.0,-1427.8745057849496,ITF (Tasa Tobin)
229,0.0,0.0,226,0.0,0.01,0.0,-1427.8745057849496,ITF (Tasa Tobin)
230,0.0,0.0,226,0.0,0.01,0.0,-1427.8745057849496,ITF (Tasa Tobin)
231,0.0,0.0,226,0.0,0.01,0.0,-1427.8745057849496,ITF (Tasa Tobin)
232,0.0,0.0,226,0.0,0.01,0.0,-1427.8745057849496,ITF (Tasa Tobin)
233,0.0,0.0,226,0.0,0.01,0.0,-1427.8745057849496,ITF (Tasa Tobin)
234,0.0,0.0,226,0.0,0.01,0.0,-1427.8745057849496,ITF (Tasa Tobin)
235,0.0,0.0,226,0.0,0.01,0.0,-1427.8745057849496,ITF (Tasa Tobin)
236,0.0,0.0,226,0.0,0.01,0.0,-1427.8745057849496,ITF (Tasa Tobin)
237,0.0,0.0,226,0.0,0.01,0.0,-1427.8745057849496,ITF (Tasa Tobin)
238,0.0,0.0,226,0.0,0.01,0.0,-1427.8745057849496,ITF (Tasa Tobin)
239,0.0,0.0,226,0.0,0.01,0.0,-1427.8745057849496,ITF (Tasa Tobin)
240,0.0,0.0,226,0.0,0.01,0.0,-1427.8745057849496,ITF (Tasa Tobin)
241,0.0,0.0,226,0.0,0.01,0.0,-1427.8745057849496,ITF (Tasa Tobin)
242,0.0,0.0,226,0.0,0.01,0.0,-1427.8745057849496,ITF (Tasa Tobin)
243,0.0,0.0,226,0.0,0.01,0.0,-1427.8745057849496,ITF (Tasa Tobin)
244,0.0,0.0,226,0.0,0.01,0.0,-1427.8745057849496,ITF (Tasa Tobin)
245,0.0,0.0,226,0.0,0.01,0.0,-1427.8745057849496,ITF (Tasa Tobin)
246,0.0,0.0,226,0.0,0.01,0.0,-1427.8745057849496,ITF (Tasa Tobin)
247,0.0,0.0,226,0.0,0.01,0.0,-1427.8745057849496,ITF (Tasa Tobin)
248,0.0,0.0,226,0.0,0.01,0.0,-1427.8745057849496,ITF (Tasa Tobin)
249,0.0,0.0,226,0.0,0.01,0.0,-1427.8745057849496,ITF (Tasa Tobin)
250,0.0,0.0,226,0.0,0.01,0.0,-1427.8745057849496,ITF (Tasa Tobin)
251,0.0,0.0,226,0.0,0.01,0.0,-1427.8745057849496,ITF (Tasa Tobin)
252,0.0,0.0,226,0.0,0.01,0.0,-1427.8745057849496,ITF (Tasa Tobin)
253,0.0,0.0,226,0.0,0.01,0.0,-1427.8745057849496,ITF (Tasa Tobin)
254,0.0,0.0,226,0.0,0.01,0.0,-1427.8745057849496,ITF (Tasa Tobin)
255,0.0,0.0,226,0.0,0.01,0.0,-1427.8745057849496,ITF (Tasa Tobin)
256,0.0,0.0,226,0.0,0.01,0.0,-1427.8745057849496,ITF (Tasa Tobin)
257,0.0,0.0,226,0.0,0.01,0.0,-1427.8745057849496,ITF (Tasa Tobin)
258,0.0,0.0,226,0.0,0.01,0.0,-1427.8745057849496,ITF (Tasa Tobin)
259,0.0,0.0,226,0.0,0.01,0.0,-1427.8745057849496,ITF (Tasa Tobin)
260,0.0,0.0,226,0.0,0.01,0.0,-1427.8745057849496,ITF (Tasa Tobin)
261,0.0,0.0,226,0.0,0.01,0.0,-1427.8745057849496,ITF (Tasa Tobin)
262,0.0,0.0,226,0.0,0.01,0.0,-1427.8745057849496,ITF (Tasa Tobin)
263,0.0,0.0,226,0.0,0.01,0.0,-1427.8745057849496,ITF (Tasa Tobin)
264,0.0,0.0,226,0.0,0.01,0.0,-1427.8745057849496,ITF (Tasa Tobin)
265,4.2224097967035705,7.57759020329643,226,111.94434327531246,0.01,0.0,-1425.5177827686273,ITF (Tasa Tobin)
266,3.552713678800501e-15,17.022409796703567,226,106.34712611154684,0.01,0.0,-1423.278895903121,ITF (Tasa Tobin)
267,2.6645352591003757e-15,7.700000000000001,226,101.0297698059695,0.01,0.0,-1421.15195338089,ITF (Tasa Tobin)
268,1.7763568394002505e-15,9.1,226,95.97828131567101,0.01,0.0,-1419.1313579847708,ITF (Tasa Tobin)
269,0.0,9.300000000000004,226,91.17936724988746,0.01,0.0,-1417.2117923584574,ITF (Tasa Tobin)
270,0.6845324275029121,10.115467572497089,226,86.6203988873931,0.01,0.0,-1415.3882050134596,ITF (Tasa Tobin)
271,0.0,10.884532427502913,226,82.28937894302344,0.01,0.0,-1413.6557970357117,ITF (Tasa Tobin)
272,0.0,14.3,226,78.17490999587227,0.01,0.0,-1412.0100094568513,ITF (Tasa Tobin)
273,2.581322590871247,10.918677409128753,226,74.26616449607866,0.01,0.0,-1410.446511256934,ITF (Tasa Tobin)
274,0.0,10.18132259087125,226,70.55285627127472,0.01,0.0,-1408.9611879670122,ITF (Tasa Tobin)
275,3.552713678800501e-15,6.599999999999997,226,67.02521345771099,0.01,0.0,-1407.5501308415867,ITF (Tasa Tobin)
276,1.7763568394002505e-15,10.300000000000002,226,63.67395278482544,0.01,0.0,-1406.2096265724324,ITF (Tasa Tobin)
277,0.0,8.900000000000004,226,60.490255145584165,0.01,0.0,-1404.936147516736,ITF (Tasa Tobin)
278,0.5152032560904622,9.284796743909538,226,57.46574238830495,0.01,0.0,-1403.7263424138243,ITF (Tasa Tobin)
279,0.0,6.015203256090463,226,54.59245526888971,0.01,0.0,-1402.5770275660582,ITF (Tasa Tobin)
280,2.7717612838861783,11.328238716113823,226,126.26159662617913,0.01,0.0,-1399.9188886897175,ITF (Tasa Tobin)
281,1.6552059783937914,22.51655530549239,226,119.94851679487016,0.01,0.0,-1397.393656757194,ITF (Tasa Tobin)
282,5.329070518200751e-15,22.355205978393787,226,113.95109095512666,0.01,0.0,-1394.9946864212968,ITF (Tasa Tobin)
283,0.385884524564883,21.914115475435125,226,108.25353640737032,0.01,0.0,-1392.7156646021942,ITF (Tasa Tobin)
284,1.7763568394002505e-15,19.085884524564882,226,102.8408595870018,0.01,0.0,-1390.5505938740469,ITF (Tasa Tobin)
285,8.881784197001252e-16,19.000000000000004,226,97.69881660765171,0.01,0.0,-1388.4937766823068,ITF (Tasa Tobin)
286,0.0,17.400000000000002,226,92.81387577726913,0.01,0.0,-1386.5398003501539,ITF (Tasa Tobin)
287,1.5092568003819142,14.690743199618087,226,88.17318198840567,0.01,0.0,-1384.6835228346083,ITF (Tasa Tobin)
288,1.7763568394002505e-15,14.309256800381913,226,83.7645228889854,0.01,0.0,-1382.9200591948404,ITF (Tasa Tobin)
289,0.0,18.200000000000003,226,79.57629674453611,0.01,0.0,-1381.2447687370607,ITF (Tasa Tobin)
290,13.221337167042968,12.578662832957033,226,75.59748190730932,0.01,0.0,-1379.6532428021699,ITF (Tasa Tobin)
291,4.321172066945396,29.70016510009757,226,71.81760781194384,0.01,0.0,-1378.1412931640236,ITF (Tasa Tobin)
292,5.329070518200751e-15,26.921172066945392,226,68.22672742134665,0.01,0.0,-1376.7049410077848,ITF (Tasa Tobin)
293,0.0,16.70000000000001,226,64.81539105027932,0.01,0.0,-1375.3404064593578,ITF (Tasa Tobin)
294,8.881784197001252e-16,11.8,226,61.57462149776536,0.01,0.0,-1374.0440986383521,ITF (Tasa Tobin)
295,1.7763568394002505e-15,21.0,226,114.23649303201225,0.01,0.0,-1371.6391198376784,ITF (Tasa Tobin)
296,5.329070518200751e-15,30.5,226,108.52466838041164,0.01,0.0,-1369.3543899770382,ITF (Tasa Tobin)
297,5.859083787132137,20.64091621286787,226,103.09843496139106,0.01,0.0,-1367.18389660943,ITF (Tasa Tobin)
298,4.7282354857684314,31.130848301363706,226,97.9435132133215,0.01,0.0,-1365.121927910202,ITF (Tasa Tobin)
299,4.939813774703863,34.28842171106457,226,93.04633755265544,0.01,0.0,-1363.1630576459354,ITF (Tasa Tobin)
300,3.552713678800501e-15,32.33981377470386,226,88.39402067502266,0.01,0.0,-1361.3021308948826,ITF (Tasa Tobin)
301,0.17371536967798562,31.72628463032202,226,83.97431964127152,0.01,0.0,-1359.5342504813818,ITF (Tasa Tobin)
302,8.573744890014904,30.899970479663082,226,79.77560365920795,0.01,0.0,-1357.8547640885565,ITF (Tasa Tobin)
303,5.329070518200751e-15,36.5737448900149,226,75.78682347624755,0.01,0.0,-1356.2592520153723,ITF (Tasa Tobin)
304,3.915924289492084,36.184075710507926,226,71.99748230243517,0.01,0.0,-1354.7435155458472,ITF (Tasa Tobin)
305,7.6096590213778,24.406265268114293,226,68.39760818731342,0.01,0.0,-1353.3035658997985,ITF (Tasa Tobin)
306,3.552713678800501e-15,30.309659021377797,226,64.97772777794775,0.01,0.0,-1351.9356137360523,ITF (Tasa Tobin)
307,6.158414934383467,27.14158506561654,226,61.72884138905036,0.01,0.0,-1350.6360591804935,ITF (Tasa Tobin)
308,1.7763568394002505e-15,27.05841493438347,226,58.64239931959784,0.01,0.0,-1349.4014823527125,ITF (Tasa Tobin)
309,4.840504891110527,29.559495108889486,226,55.71027935361795,0.01,0.0,-1348.2286343663204,ITF (Tasa Tobin)
310,10.753944352286828,25.986560538823703,226,52.92476538593705,0.01,0.0,-1347.114428779248,ITF (Tasa Tobin)
311,0.9480561013628801,37.70588825092395,226,50.278527116640205,0.01,0.0,-1346.0559334715292,ITF (Tasa Tobin)
312,8.881784197001252e-16,27.948056101362887,226,47.76460076080819,0.01,0.0,-1345.0503629291966,ITF (Tasa Tobin)
313,2.3153941348871525,22.08460586511285,226,45.37637072276778,0.01,0.0,-1344.0950709139804,ITF (Tasa Tobin)
314,11.108016240002113,29.907377894885045,226,43.10755218662939,0.01,0.0,-1343.1875434995252,ITF (Tasa Tobin)
315,15.376917039763573,33.03109920023855,226,40.952174577297924,0.01,0.0,-1342.3253924557923,ITF (Tasa Tobin)
316,11.877761414440188,33.39915562532339,226,38.90456584843303,0.01,0.0,-1341.5063489642464,ITF (Tasa Tobin)
317,20.07650873654423,30.60125267789596,226,36.95933755601138,0.01,0.0,-1340.7282576472778,ITF (Tasa Tobin)
318,28.625290111307265,28.451218625236965,226,35.11137067821081,0.01,0.0,-1339.9890708961577,ITF (Tasa Tobin)
319,33.69193855731698,33.93335155399029,226,33.35580214430027,0.01,0.0,-1339.2868434825934,ITF (Tasa Tobin)
320,21.026517291392366,41.46542126592462,226,31.688012037085254,0.01,0.0,-1338.6197274397075,ITF (Tasa Tobin)
321,21.332969366149392,26.99354792524297,226,30.10361143523099,0.01,0.0,-1337.9859671989657,ITF (Tasa Tobin)
322,21.266415013928025,33.466554352221365,226,28.598430863469442,0.01,0.0,-1337.383894970261,ITF (Tasa Tobin)
323,15.58427276274117,37.28214225118686,226,27.168509320295968,0.01,0.0,-1336.8119263529918,ITF (Tasa Tobin)
324,6.334903799097168,36.449368963644005,226,25.810083854281174,0.01,0.0,-1336.2685561665858,ITF (Tasa Tobin)
325,12.620828087440444,24.91407571165673,226,24.51957966156711,0.01,0.0,-1335.7523544895,ITF (Tasa Tobin)
326,20.24793414536139,27.672893942079057,226,23.293600678488755,0.01,0.0,-1335.2619628962686,ITF (Tasa Tobin)
327,3.378779792500552,35.369154352860846,226,22.128920644564317,0.01,0.0,-1334.796090882699,ITF (Tasa Tobin)
328,5.142969219513665,29.63581057298689,226,21.022474612336104,0.01,0.0,-1334.3535124698076,ITF (Tasa Tobin)
329,11.698204781597525,21.044764437916143,226,19.971350881719296,0.01,0.0,-1333.9330629775611,ITF (Tasa Tobin)
330,8.66803154614544,29.73017323545209,226,18.972783337633334,0.01,0.0,-1333.5336359599266,ITF (Tasa Tobin)
331,11.680539453678465,27.687492092466975,226,18.02414417075167,0.01,0.0,-1333.154180293174,ITF (Tasa Tobin)
332,18.064645519337816,16.815893934340654,226,17.122936962214084,0.01,0.0,-1332.793697409759,ITF (Tasa Tobin)
333,24.42125557876552,19.1433899405723,226,16.26679011410338,0.01,0.0,-1332.4512386705148,ITF (Tasa Tobin)
334,26.243821671075843,28.47743390768968,226,15.453450608398212,0.01,0.0,-1332.1259028682327,ITF (Tasa Tobin)
335,41.50055863644825,19.8432630346276,226,14.680778077978301,0.01,0.0,-1331.8168338560647,ITF (Tasa Tobin)
336,36.551993031387426,34.94856560506082,226,13.946739174079386,0.01,0.0,-1331.523218294505,ITF (Tasa Tobin)
337,53.881050500208595,14.27094253117884,226,13.249402215375419,0.01,0.0,-1331.2442835110235,ITF (Tasa Tobin)
338,62.80770969057516,25.573340809633436,226,12.586932104606646,0.01,0.0,-1330.9792954667162,ITF (Tasa Tobin)
339,67.90395575089076,27.003753939684405,226,11.957585499376314,0.01,0.0,-1330.727556824624,ITF (Tasa Tobin)
340,81.5493170588543,19.854638692036456,226,11.3597062244075,0.01,0.0,-1330.4884051146364,ITF (Tasa Tobin)
341,86.77522359457866,28.174093464275632,226,10.791720913187124,0.01,0.0,-1330.2612109901481,ITF (Tasa Tobin)
342,91.23835756393322,26.13686603064545,226,10.252134867527767,0.01,0.0,-1330.0453765718846,ITF (Tasa Tobin)
343,109.75876364336368,15.679593920569545,226,9.739528124151377,0.01,0.0,-1329.840333874534,ITF (Tasa Tobin)
344,113.23332545300752,22.12543819035617,226,9.25255171794381,0.01,0.0,-1329.645543312051,ITF (Tasa Tobin)
345,131.35019162279863,12.38313383020888,226,8.789924132046618,0.01,0.0,-1329.460492277692,ITF (Tasa Tobin)
346,142.6019430654805,20.94824855731813,226,8.350427925444288,0.01,0.0,-1329.284693795051,ITF (Tasa Tobin)
347,156.76029779882217,12.041645266658325,226,7.932906529172074,0.01,0.0,-1329.1176852365422,ITF (Tasa Tobin)
348,165.9086748280026,19.251622970819568,226,7.53626120271347,0.01,0.0,-1328.9590271059587,ITF (Tasa Tobin)
349,172.297283069878,24.0113917581246,226,7.159448142577796,0.01,0.0,-1328.8083018819045,ITF (Tasa Tobin)
350,191.34551725425413,19.051765815623895,226,6.801475735448906,0.01,0.0,-1328.665112919053,ITF (Tasa Tobin)
351,199.06915887690982,21.77635837734429,226,6.4614019486764604,0.01,0.0,-1328.529083404344,ITF (Tasa Tobin)
352,215.33757605975057,12.831582817159257,226,6.138331851242637,0.01,0.0,-1328.3998553653703,ITF (Tasa Tobin)
353,229.23993191964794,19.097644140102616,226,5.831415258680506,0.01,0.0,-1328.2770887283457,ITF (Tasa Tobin)
354,243.3658603355037,14.87407158414424,226,5.539844495746481,0.01,0.0,-1328.1604604231718,ITF (Tasa Tobin)
355,262.3141890948715,18.45167124063217,226,5.262852270959156,0.01,0.0,-1328.049663533257,ITF (Tasa Tobin)
356,272.64429517535484,21.069893919516637,226,4.9997096574111985,0.01,0.0,-1327.9444064878378,ITF (Tasa Tobin)
357,296.8759131416758,13.168382033679094,226,4.749724174540638,0.01,0.0,-1327.8444122946896,ITF (Tasa Tobin)
358,315.0512375566552,12.724675585020599,226,4.512237965813607,0.01,0.0,-1327.7494178111988,ITF (Tasa Tobin)
359,334.3419736297152,21.809263926940012,226,4.286626067522926,0.01,0.0,-1327.6591730518824,ITF (Tasa Tobin)
360,354.8779964785424,14.86397715117274,226,4.072294764146781,0.01,0.0,-1327.573440530532,ITF (Tasa Tobin)
361,371.4126951069344,12.165301371607955,226,3.868680025939441,0.01,0.0,-1327.491994635249,ITF (Tasa Tobin)
362,388.13564550422325,16.177049602711193,226,3.675246024642469,0.01,0.0,-1327.4146210347303,ITF (Tasa Tobin)
363,388.1966537022446,24.338991801978665,226,3.4914837234103455,0.01,0.0,-1327.3411161142374,ITF (Tasa Tobin)
364,400.663617416187,20.23303628605766,226,3.316909537239828,0.01,0.0,-1327.2712864397693,ITF (Tasa Tobin)
365,415.2891926303511,14.874424785835876,226,3.151064060377837,0.01,0.0,-1327.2049482490245,ITF (Tasa Tobin)
366,437.24084469966675,10.048347930684344,226,2.9935108573589453,0.01,0.0,-1327.141926967817,ITF (Tasa Tobin)
367,461.77992090047803,11.160923799188723,226,2.843835314490998,0.01,0.0,-1327.0820567506698,ITF (Tasa Tobin)
368,478.38331173034527,17.396609170132777,226,2.701643548766448,0.01,0.0,-1327.02518004438,ITF (Tasa Tobin)
369,487.75512282094405,11.228188909401213,226,2.5665613713281257,0.01,0.0,-1326.9711471734047,ITF (Tasa Tobin)
370,498.57319617404033,21.58192664690366,226,2.4382333027617196,0.01,0.0,-1326.9198159459781,ITF (Tasa Tobin)
371,504.65410902723914,24.21908714680128,226,2.3163216376236333,0.01,0.0,-1326.8710512799228,ITF (Tasa Tobin)
372,517.1279003074504,15.82620871978864,226,2.2005055557424518,0.01,0.0,-1326.8247248471705,ITF (Tasa Tobin)
373,526.6472018713439,16.880698436106535,226,2.0904802779553293,0.01,0.0,-1326.7807147360556,ITF (Tasa Tobin)
374,540.490162704613,14.657039166730884,226,1.9859562640575628,0.01,0.0,-1326.7389051304965,ITF (Tasa Tobin)
375,566.0249990448781,12.265163659735002,226,1.8866584508546849,0.01,0.0,-1326.699186005215,ITF (Tasa Tobin)
376,570.4680841287104,21.756914916167652,226,1.7923255283119506,0.01,0.0,-1326.6614528361981,ITF (Tasa Tobin)
377,591.3890865719293,23.5789975567811,226,71.94991678181692,0.01,0.0,-1325.1467177460547,ITF (Tasa Tobin)
378,599.3781546105515,19.910931961377678,226,68.35242094272608,0.01,0.0,-1323.7077194104183,ITF (Tasa Tobin)
379,617.9001377567565,13.578016853795093,226,64.93479989558978,0.01,0.0,-1322.3406709915637,ITF (Tasa Tobin)
380,635.1498687490108,17.750269007745693,226,61.68805990081028,0.01,0.0,-1321.041974993652,ITF (Tasa Tobin)
381,644.3830677372658,19.666801011745,226,58.60365690576977,0.01,0.0,-1319.8082137956358,ITF (Tasa Tobin)
382,661.2437702133344,19.239297523931448,226,55.67347406048128,0.01,0.0,-1318.6361406575204,ITF (Tasa Tobin)
383,682.2145289712582,14.429241242076232,226,52.88980035745721,0.01,0.0,-1317.5226711763107,ITF (Tasa Tobin)
384,697.5394836386574,12.475045332600677,226,50.24531033958435,0.01,0.0,-1316.4648751691616,ITF (Tasa Tobin)
385,717.0757084963134,13.163775142344143,226,47.73304482260513,0.01,0.0,-1315.4599689623699,ITF (Tasa Tobin)
386,744.7029304363423,13.672778059971137,226,45.34639258147488,0.01,0.0,-1314.505308065918,ITF (Tasa Tobin)
387,772.5831034533928,14.419826982949491,226,43.079072952401134,0.01,0.0,-1313.5983802142885,ITF (Tasa Tobin)
388,803.7390759923886,9.8440274610043,226,40.92511930478108,0.01,0.0,-1312.7367987552404,ITF (Tasa Tobin)
389,824.7278281987385,13.01124779365008,226,38.87886333954202,0.01,0.0,-1311.9182963691449,ITF (Tasa Tobin)
390,830.5268422738509,25.200985924887675,226,36.93492017256492,0.01,0.0,-1311.1407191023538,ITF (Tasa Tobin)
391,851.9714953236173,23.15534695023347,226,35.08817416393668,0.01,0.0,-1310.4020206989028,ITF (Tasa Tobin)
392,874.7816525290609,8.689842794556426,226,33.333765455739844,0.01,0.0,-1309.700257215624,ITF (Tasa Tobin)
393,895.2853488472826,17.096303681778387,226,31.66707718295285,0.01,0.0,-1309.0335819065092,ITF (Tasa Tobin)
394,914.8182074852474,19.66714136203522,226,30.08372332380521,0.01,0.0,-1308.4002403628501,ITF (Tasa Tobin)
395,942.8705009948534,13.847706490393978,226,28.579537157614947,0.01,0.0,-1307.7985658963742,ITF (Tasa Tobin)
396,966.9731956348676,16.9973053599857,226,27.150560299734195,0.01,0.0,-1307.2269751532217,ITF (Tasa Tobin)
397,991.8296460756884,15.243549559179304,226,25.79303228474749,0.01,0.0,-1306.683963947227,ITF (Tasa Tobin)
398,1016.4275991384111,17.002046937277246,226,24.503380670510115,0.01,0.0,-1306.168103301532,ITF (Tasa Tobin)
399,1030.3528075932775,21.274791545133645,226,23.278211636984604,0.01,0.0,-1305.6780356881218,ITF (Tasa Tobin)
400,1051.6560532312533,23.696754362024144,226,22.114301055135375,0.01,0.0,-1305.2124714553822,ITF (Tasa Tobin)
401,1068.6144074023282,20.941645828925015,226,21.008586002378607,0.01,0.0,-1304.7701854342793,ITF (Tasa Tobin)
402,1095.8314474049512,18.7829599973771,226,19.958156702259675,0.01,0.0,-1304.3500137142316,ITF (Tasa Tobin)
403,1112.8770231489411,18.95442425600988,226,18.960248867146692,0.01,0.0,-1303.9508505801866,ITF (Tasa Tobin)
404,1136.289889333677,18.087133815264412,226,18.012236423789357,0.01,0.0,-1303.5716456028435,ITF (Tasa Tobin)
405,1157.7270774059766,20.66281192770034,226,17.111624602599885,0.01,0.0,-1303.2114008743677,ITF (Tasa Tobin)
406,1175.5977440656216,20.529333340354803,226,16.256043372469893,0.01,0.0,-1302.8691683823158,ITF (Tasa Tobin)
407,1201.435034915659,8.462709149962926,226,15.443241203846398,0.01,0.0,-1302.5440475148664,ITF (Tasa Tobin)
408,1214.8193940609758,25.31564085468286,226,14.671079143654078,0.01,0.0,-1302.2351826907895,ITF (Tasa Tobin)
409,1234.7448504555455,21.374543605430503,226,13.937525186471374,0.01,0.0,-1301.9417611079164,ITF (Tasa Tobin)
410,1254.5989949709387,15.945855484606831,226,13.240648927147804,0.01,0.0,-1301.6630106041869,ITF (Tasa Tobin)
411,1286.4261529353857,15.07284203555295,226,12.578616480790414,0.01,0.0,-1301.398197625644,ITF (Tasa Tobin)
412,1287.784168652972,31.44198428241353,226,11.949685656750894,0.01,0.0,-1301.1466252960283,ITF (Tasa Tobin)
413,1310.359134755899,19.32503389707316,226,11.352201373913351,0.01,0.0,-1300.9076315828931,ITF (Tasa Tobin)
414,1342.0212130515515,14.937921704347438,226,10.784591305217683,0.01,0.0,-1300.6805875554148,ITF (Tasa Tobin)
415,1351.6972564085459,28.923956643005653,226,10.245361739956799,0.01,0.0,-1300.4648957293105,ITF (Tasa Tobin)
416,1379.5973184598845,15.599937948661655,226,9.733093652958958,0.01,0.0,-1300.2599884945114,ITF (Tasa Tobin)
417,1395.9670717103731,13.33024674951105,226,9.246438970311011,0.01,0.0,-1300.065326621452,ITF (Tasa Tobin)
418,1404.5092624128824,29.257809297490837,226,8.784117021795462,0.01,0.0,-1299.8803978420458,ITF (Tasa Tobin)
419,1425.9334083227536,19.47585409012893,226,8.34491117070569,0.01,0.0,-1299.70471550161,ITF (Tasa Tobin)
420,1442.2279723938873,17.505435928866483,226,7.927665612170404,0.01,0.0,-1299.537817278196,ITF (Tasa Tobin)
421,1467.996398779796,16.731573614090983,226,7.531282331561884,0.01,0.0,-1299.3792639659525,ITF (Tasa Tobin)
422,1490.8452286143886,28.75117016540753,226,7.15471821498379,0.01,0.0,-1299.2286383193211,ITF (Tasa Tobin)
423,1499.792960786373,35.55226782801555,226,6.796982304234601,0.01,0.0,-1299.0855439550216,ITF (Tasa Tobin)
424,1534.6113783723038,19.98158241406916,226,6.457133189022871,0.01,0.0,-1298.9496043089368,ITF (Tasa Tobin)
425,1558.1663986670542,20.84497970524952,226,6.134276529571728,0.01,0.0,-1298.8204616451565,ITF (Tasa Tobin)
426,1576.1966805741804,36.36971809287401,226,5.827562703093141,0.01,0.0,-1298.697776114565,ITF (Tasa Tobin)
427,1578.0796385648073,36.417042009373034,226,5.536184567938484,0.01,0.0,-1298.5812248605032,ITF (Tasa Tobin)
428,1587.8442474882152,39.93539107659218,226,5.25937533954156,0.01,0.0,-1298.4705011691442,ITF (Tasa Tobin)
429,1609.3373072603094,23.906940227905512,226,4.9964065725644815,0.01,0.0,-1298.3653136623536,ITF (Tasa Tobin)
430,1596.425490610587,40.71181664972258,226,4.746586243936258,0.01,0.0,-1298.2653855309022,ITF (Tasa Tobin)
431,1610.5175354301127,30.60795518047408,226,4.509256931739445,0.01,0.0,-1298.1704538060235,ITF (Tasa Tobin)
432,1624.7458562614472,36.17167916866558,226,80.0846979023512,0.01,0.0,-1296.484460165974,ITF (Tasa Tobin)
433,1633.7183395131285,39.427516748318766,226,76.08046300723362,0.01,0.0,-1294.882766207927,ITF (Tasa Tobin)
434,1632.891821531679,41.02651798144966,226,72.27643985687196,0.01,0.0,-1293.3611569477823,ITF (Tasa Tobin)
435,1665.2024394926352,19.48938203904346,226,68.66261786402836,0.01,0.0,-1291.915628150645,ITF (Tasa Tobin)
436,1686.9282558670086,31.57418362562682,226,65.22948697082694,0.01,0.0,-1290.5423757933643,ITF (Tasa Tobin)
437,1709.202287948448,34.22596791856083,226,61.968012622285606,0.01,0.0,-1289.237786053948,ITF (Tasa Tobin)
438,1736.5711092401307,26.9311787083174,226,58.869611991171325,0.01,0.0,-1287.9984258015022,ITF (Tasa Tobin)
439,1770.1243889762516,26.84672026387906,226,55.92613139161276,0.01,0.0,-1286.8210335616786,ITF (Tasa Tobin)
440,1790.8734237086878,29.5509652675635,226,53.12982482203213,0.01,0.0,-1285.7025109338463,ITF (Tasa Tobin)
441,1786.6247447988512,51.64867890983656,226,50.473333580930515,0.01,0.0,-1284.6399144374057,ITF (Tasa Tobin)
442,1787.8280279304504,45.19671686840083,226,47.94966690188399,0.01,0.0,-1283.630447765787,ITF (Tasa Tobin)
443,1779.5432841100785,53.584743820372125,226,45.552183556789785,0.01,0.0,-1282.6714544277495,ITF (Tasa Tobin)
444,1781.7023232484014,45.94096086167718,226,43.2745743789503,0.01,0.0,-1281.7604107566137,ITF (Tasa Tobin)
445,1786.5533109596954,52.14901228870552,226,41.11084566000278,0.01,0.0,-1280.8949192690347,ITF (Tasa Tobin)
446,1791.92934256036,43.82396839933563,226,39.05530337700264,0.01,0.0,-1280.0727023558347,ITF (Tasa Tobin)
447,1790.0324677340125,57.896874826347585,226,37.1025382081525,0.01,0.0,-1279.2915962882946,ITF (Tasa Tobin)
448,1778.3390386735705,53.89342906044182,226,35.24741129774488,0.01,0.0,-1278.5495455241316,ITF (Tasa Tobin)
449,1785.4059939529534,44.233044720617144,226,33.48504073285764,0.01,0.0,-1277.8445972981767,ITF (Tasa Tobin)
450,1805.4804434818539,49.02555047109952,226,31.810788696214754,0.01,0.0,-1277.1748964835194,ITF (Tasa Tobin)
451,1811.5363526875299,52.14409079432389,226,30.220249261404014,0.01,0.0,-1276.5386807095954,ITF (Tasa Tobin)
452,1805.9470883087686,41.18926437876114,226,28.709236798333812,0.01,0.0,-1275.9342757243674,ITF (Tasa Tobin)
453,1784.7068812744862,62.84020703428226,226,27.273774958417118,0.01,0.0,-1275.3600909884005,ITF (Tasa Tobin)
454,1800.8476076740858,31.359273600400652,226,25.910086210496264,0.01,0.0,-1274.8146154892322,ITF (Tasa Tobin)
455,1803.2833047369977,42.06430293708802,226,24.61458189997145,0.01,0.0,-1274.2964137650222,ITF (Tasa Tobin)
456,1794.9047455346358,54.678559202362,226,23.383852804972875,0.01,0.0,-1273.804122127023,ITF (Tasa Tobin)
457,1785.937269243339,63.86747629129685,226,22.214660164724236,0.01,0.0,-1273.3364450709234,ITF (Tasa Tobin)
458,1797.5039328926318,52.43333635070704,226,21.10392715648802,0.01,0.0,-1272.892151867629,ITF (Tasa Tobin)
459,1818.0856261445565,39.31830674807529,226,20.048730798663623,0.01,0.0,-1272.4700733244993,ITF (Tasa Tobin)
460,1811.9789540294018,61.406672115154706,226,19.04629425873044,0.01,0.0,-1272.069098708526,ITF (Tasa Tobin)
461,1805.588596950043,50.99035707935897,226,18.093979545793918,0.01,0.0,-1271.6881728233514,ITF (Tasa Tobin)
462,1806.4991014284478,62.78949552159524,226,17.18928056850422,0.01,0.0,-1271.3262932324353,ITF (Tasa Tobin)
463,1795.675683240274,61.12341818817351,226,16.329816540079012,0.01,0.0,-1270.9825076210652,ITF (Tasa Tobin)
464,1772.7264632357412,73.14922000453288,226,15.51332571307506,0.01,0.0,-1270.6559112902637,ITF (Tasa Tobin)
465,1757.0559317264194,71.67053150932185,226,14.737659427421306,0.01,0.0,-1270.3456447760022,ITF (Tasa Tobin)
466,1741.1731687807558,67.0827629456637,226,14.000776456050243,0.01,0.0,-1270.0508915874539,ITF (Tasa Tobin)
467,1731.7628087259745,50.41036005478115,226,13.30073763324773,0.01,0.0,-1269.770876058333,ITF (Tasa Tobin)
468,1700.7097291527639,80.35307957321048,226,12.635700751585341,0.01,0.0,-1269.5048613056679,ITF (Tasa Tobin)
469,1695.022470614017,48.487258538747014,226,12.003915714006077,0.01,0.0,-1269.2521472906362,ITF (Tasa Tobin)
470,1642.0768537197773,106.54561689423974,226,11.40371992830577,0.01,0.0,-1269.012068976356,ITF (Tasa Tobin)
471,1643.1013475399593,59.57550617981813,226,10.833533931890482,0.01,0.0,-1268.7839945777898,ITF (Tasa Tobin)
472,1615.3681545383483,73.13319300161083,226,10.291857235295957,0.01,0.0,-1268.567323899152,ITF (Tasa Tobin)
473,1576.7277104243728,94.04044411397567,226,9.777264373531159,0.01,0.0,-1268.361486754446,ITF (Tasa Tobin)
474,1562.7753384312502,58.15237199312262,226,9.288401154854602,0.01,0.0,-1268.1659414669755,ITF (Tasa Tobin)
475,1558.9568966079892,55.118441823260994,226,8.823981097111872,0.01,0.0,-1267.9801734438784,ITF (Tasa Tobin)
476,1523.860791260985,81.69610534700402,226,8.38278204225628,0.01,0.0,-1267.8036938219361,ITF (Tasa Tobin)
477,1490.5547810099451,73.50601025104022,226,7.963642940143465,0.01,0.0,-1267.636038181091,ITF (Tasa Tobin)
478,1461.9666120503607,78.0881689595841,226,7.5654607931362925,0.01,0.0,-1267.4767653222882,ITF (Tasa Tobin)
479,1426.6458871424668,77.42072490789407,226,7.187187753479478,0.01,0.0,-1267.3254561064252,ITF (Tasa Tobin)
480,1407.5913959191414,62.95449122332534,226,6.827828365805503,0.01,0.0,-1267.1817123513558,ITF (Tasa Tobin)
481,1388.543186226731,61.548209692410346,226,6.4864369475152275,0.01,0.0,-1267.0451557840395,ITF (Tasa Tobin)
482,1362.5133936240172,64.32979260271415,226,6.162115100139467,0.01,0.0,-1266.9154270450892,ITF (Tasa Tobin)
483,1350.8994713918974,59.91392223211964,226,5.854009345132494,0.01,0.0,-1266.7921847430864,ITF (Tasa Tobin)
484,1331.116761385963,69.28271000593462,226,5.561308877875868,0.01,0.0,-1266.675104556184,ITF (Tasa Tobin)
485,1329.547815985295,51.968945400667906,226,5.283243433982075,0.01,0.0,-1266.5638783786262,ITF (Tasa Tobin)
486,1319.2671956490628,56.18062033623178,226,5.019081262282971,0.01,0.0,-1266.4582135099465,ITF (Tasa Tobin)
487,1307.5985862549524,64.26860939411071,226,4.768127199168822,0.01,0.0,-1266.357831884701,ITF (Tasa Tobin)
488,1277.0745841698451,76.524002085107,226,4.529720839210381,0.01,0.0,-1266.2624693407176,ITF (Tasa Tobin)
489,1273.0396225688216,49.13496160102348,226,4.303234797249862,0.01,0.0,-1266.1718749239333,ITF (Tasa Tobin)
490,1251.644393470507,73.39522909831476,226,4.088073057387369,0.01,0.0,-1266.0858102279883,ITF (Tasa Tobin)
491,1244.4281396490398,49.91625382146726,226,3.883669404518001,0.01,0.0,-1266.0040487668405,ITF (Tasa Tobin)
492,1219.283244688532,72.3448949605075,226,3.689485934292101,0.01,0.0,-1265.9263753787502,ITF (Tasa Tobin)
493,1195.7424483696566,70.14079631887572,226,3.5050116375774962,0.01,0.0,-1265.8525856600643,ITF (Tasa Tobin)
494,1139.8713041002952,108.77114426936117,226,3.329761055698621,0.01,0.0,-1265.7824854273128,ITF (Tasa Tobin)
495,1115.8517287937275,76.71957530656779,226,3.16327300291369,0.01,0.0,-1265.715890206199,ITF (Tasa Tobin)
496,1088.2410136554233,74.71071513830414,226,3.0051093527680055,0.01,0.0,-1265.6526247461406,ITF (Tasa Tobin)
497,1079.2193143483769,59.32169930704641,226,2.8548538851296055,0.01,0.0,-1265.5925225590852,ITF (Tasa Tobin)
498,1087.3282194231358,37.191094925240996,226,2.7121111908731255,0.01,0.0,-1265.5354254813826,ITF (Tasa Tobin)
499,1085.7194482871475,55.008771135988326,226,2.57650563132947,0.01,0.0,-1265.4811832575654,ITF (Tasa Tobin)
0,2.220446049250313e-15,130.00000000000003,0,7121.491541690495,0.0,0.0,40149.9261377198,IRS (Impuesto Riesgo Sistémico)
1,8.992806499463768e-15,130.00000000000003,0,8990.807990151148,198.87300931063152,0.19605398184659714,40346.51421995895,IRS (Impuesto Riesgo Sistémico)
2,8.1601392309949e-15,130.00000000000003,0,10261.569177808025,443.9808410401208,0.29613050681180203,40575.25164964686,IRS (Impuesto Riesgo Sistémico)
3,7.549516567451064e-15,130.00000000000003,0,12088.791916325921,443.9808410401208,0.0,40853.502971262875,IRS (Impuesto Riesgo Sistémico)
4,4.884981308350689e-15,130.00000000000003,0,13736.421387459337,443.9808410401208,0.0,41171.1715778229,IRS (Impuesto Riesgo Sistémico)
5,6.772360450213455e-15,130.00000000000003,0,15199.313022060676,443.9808410401208,0.0,41528.201489533116,IRS (Impuesto Riesgo Sistémico)
6,1.1435297153639112e-14,130.0,0,16133.235520824459,443.9808410401208,0.0,41908.61540345277,IRS (Impuesto Riesgo Sistémico)
7,7.771561172376096e-15,130.00000000000003,0,17703.956720066206,443.9808410401209,0.0,42331.63313858843,IRS (Impuesto Riesgo Sistémico)
8,6.439293542825908e-15,130.00000000000003,0,19383.889184116968,443.9808410401208,0.0,42796.834490684094,IRS (Impuesto Riesgo Sistémico)
9,4.3298697960381105e-15,130.0,0,21039.668296876545,443.9808410401209,0.0,43301.73821843743,IRS (Impuesto Riesgo Sistémico)
10,6.5503158452884236e-15,130.0,0,22351.824695516785,696.1080696409308,0.2900537439229887,43831.97302828326,IRS (Impuesto Riesgo Sistémico)
11,6.772360450213455e-15,130.00000000000003,0,23711.539447939038,955.8327792584062,0.3038682059497746,44398.80412959792,IRS (Impuesto Riesgo Sistémico)
12,7.216449660063518e-15,130.0,0,24984.42405223762,1428.2414158779043,0.4985052733342452,44994.98105112373,IRS (Impuesto Riesgo Sistémico)
13,7.105427357601002e-15,130.00000000000003,0,26569.765718592455,1818.3684824758607,0.24353503646711583,45625.581937975076,IRS (Impuesto Riesgo Sistémico)
14,7.271960811294775e-15,130.0,0,28485.969648166116,2373.8450473132843,0.468238840104918,46311.77122553251,IRS (Impuesto Riesgo Sistémico)
15,6.328271240363392e-15,130.0,0,29838.664004966115,2612.402758380159,0.1721056387769477,47035.24161564526,IRS (Impuesto Riesgo Sistémico)
16,7.66053886991358e-15,130.0,1,30155.68619172649,3637.4397997988453,1.10195847330755,47558.086828492895,IRS (Impuesto Riesgo Sistémico)
17,5.10702591327572e-15,130.00000000000003,5,31537.635191720354,4062.146549661529,0.3896639598084598,47400.857723923706,IRS (Impuesto Riesgo Sistémico)
18,5.6066262743570405e-15,130.00000000000006,6,33470.958982929355,4481.4595860203335,0.2817013685419761,47952.91140650683,IRS (Impuesto Riesgo Sistémico)
19,1.2434497875801753e-14,130.00000000000003,10,33397.25348232207,5279.026075072909,0.7361183856111075,47620.73519180261,IRS (Impuesto Riesgo Sistémico)
20,7.049916206369744e-15,130.00000000000003,18,32802.03495088521,6068.603292545488,0.5850098360419236,45803.73440249023,IRS (Impuesto Riesgo Sistémico)
21,6.689093723366568e-15,130.00000000000003,22,33228.4959218264,6358.583615631948,0.18909744502375678,45299.5267911655,IRS (Impuesto Riesgo Sistémico)
22,6.772360450213455e-15,130.00000000000003,26,34223.18310825774,7077.525392725873,0.7194765939102694,44742.54573198178,IRS (Impuesto Riesgo Sistémico)
23,7.993605777301127e-15,130.0,32,32883.42359598519,8146.66413092775,0.896358042114966,43284.5414416032,IRS (Impuesto Riesgo Sistémico)
24,8.493206138382448e-15,130.00000000000003,41,30665.703343741225,8946.43161915946,0.9067431288666127,40428.9381050956,IRS (Impuesto Riesgo Sistémico)
25,7.549516567451064e-15,130.00000000000003,52,26803.90247728877,9376.950171904393,0.23485939635960698,36440.62162618988,IRS (Impuesto Riesgo Sistémico)
26,8.104628079763643e-15,130.0,64,22831.49540782613,10158.609530711086,0.5311490433229057,31480.55728524931,IRS (Impuesto Riesgo Sistémico)
27,5.88418203051333e-15,130.0,69,22410.4715457427,10805.983733086208,0.7914445962965219,29579.538783965563,IRS (Impuesto Riesgo Sistémico)
28,7.16093850883226e-15,130.00000000000006,72,22791.083179497844,11750.967322481747,0.9585130220832828,28556.44223245079,IRS (Impuesto Riesgo Sistémico)
29,6.13398221105399e-15,130.0,80,20364.350253562923,12334.028473337408,0.3370138586045135,25154.72984040191,IRS (Impuesto Riesgo Sistémico)
30,4.9960036108132044e-15,130.0,88,18072.28897141688,13152.975268529153,1.1121858635064947,22398.708302572657,IRS (Impuesto Riesgo Sistémico)
31,8.215650382226158e-15,130.00000000000003,92,16561.829509612508,14449.447130468337,1.923755547827886,20497.12022993357,IRS (Impuesto Riesgo Sistémico)
32,7.66053886991358e-15,130.00000000000003,99,15404.86464269145,16033.202989019932,2.7175681401957736,18019.935783631972,IRS (Impuesto Riesgo Sistémico)
33,8.174017018802715e-15,129.99999999999997,106,12854.037200958726,17357.434384414733,1.4946514084341769,15219.817710073587,IRS (Impuesto Riesgo Sistémico)
34,6.5503158452884236e-15,130.00000000000003,115,10742.173065834591,19309.674785441184,2.072453519123494,12873.930044133424,IRS (Impuesto Riesgo Sistémico)
35,7.174816296640074e-15,130.0,127,8679.383442888131,21282.28670505923,1.1730577072492676,10647.638684209493,IRS (Impuesto Riesgo Sistémico)
36,6.6058269965196814e-15,130.00000000000003,142,6580.7941644195025,23419.462008788454,0.34588070213330685,8204.691238459482,IRS (Impuesto Riesgo Sistémico)
37,4.343747583845925e-15,130.00000000000003,156,5381.499738693714,26521.975481462083,0.9605517913547016,6661.454036758144,IRS (Impuesto Riesgo Sistémico)
38,5.6343818499726694e-15,130.00000000000003,174,3365.699295149748,25503.893247841683,0.12419420734604283,4102.548688449745,IRS (Impuesto Riesgo Sistémico)
39,6.564193633096238e-15,130.00000000000003,195,958.735688265043,4665.466477741915,0.0,-231.13302209087217,IRS (Impuesto Riesgo Sistémico)
40,4.760081218080359e-15,89.69999999999999,206,463.92568698164877,155.34117822441772,0.0,-1488.50170486662,IRS (Impuesto Riesgo Sistémico)
41,3.2751579226442118e-15,50.300000000000004,213,157.97986160954662,114.91014060386519,0.0,-1966.1009135894637,IRS (Impuesto Riesgo Sistémico)
42,8.465450562766819e-16,27.700000000000003,214,53.30816888407953,0.0,0.0,-2353.320706373015,IRS (Impuesto Riesgo Sistémico)
43,1.5265566588595902e-16,6.700000000000001,215,0.0,0.0,0.0,-2404.0394290093277,IRS (Impuesto Riesgo Sistémico)
44,1.232595164407831e-32,3.1000000000000005,215,0.0,0.0,0.0,-2404.0394290093277,IRS (Impuesto Riesgo Sistémico)
45,6.938893903907228e-17,0.49999999999999994,215,0.0,0.0,0.0,-2404.0394290093277,IRS (Impuesto Riesgo Sistémico)
46,1.5407439555097887e-33,0.10000000000000009,215,0.0,0.0,0.0,-2404.0394290093277,IRS (Impuesto Riesgo Sistémico)
47,1.3877787807814457e-17,0.09999999999999999,215,0.0,0.0,0.0,-2404.0394290093277,IRS (Impuesto Riesgo Sistémico)
48,0.0,1.3877787807814463e-17,215,0.0,0.0,0.0,-2404.0394290093277,IRS (Impuesto Riesgo Sistémico)
49,0.0,0.0,215,0.0,0.0,0.0,-2404.0394290093277,IRS (Impuesto Riesgo Sistémico)
50,0.0,0.0,215,0.0,0.0,0.0,-2404.0394290093277,IRS (Impuesto Riesgo Sistémico)
51,0.0,0.0,215,0.0,0.0,0.0,-2404.0394290093277,IRS (Impuesto Riesgo Sistémico)
52,0.0,0.0,215,0.0,0.0,0.0,-2404.0394290093277,IRS (Impuesto Riesgo Sistémico)
53,0.0,0.0,215,0.0,0.0,0.0,-2404.0394290093277,IRS (Impuesto Riesgo Sistémico)
54,0.0,0.0,215,0.0,0.0,0.0,-2404.0394290093277,IRS (Impuesto Riesgo Sistémico)
55,0.0,0.0,215,0.0,0.0,0.0,-2404.0394290093277,IRS (Impuesto Riesgo Sistémico)
56,0.0,0.0,215,0.0,0.0,0.0,-2404.0394290093277,IRS (Impuesto Riesgo Sistémico)
57,0.0,0.0,215,0.0,0.0,0.0,-2404.0394290093277,IRS (Impuesto Riesgo Sistémico)
58,0.0,0.0,215,0.0,0.0,0.0,-2404.0394290093277,IRS (Impuesto Riesgo Sistémico)
59,0.0,0.0,215,0.0,0.0,0.0,-2404.0394290093277,IRS (Impuesto Riesgo Sistémico)
60,0.0,0.0,215,0.0,0.0,0.0,-2404.0394290093277,IRS (Impuesto Riesgo Sistémico)
61,0.0,0.0,215,0.0,0.0,0.0,-2404.0394290093277,IRS (Impuesto Riesgo Sistémico)
62,0.0,0.0,215,0.0,0.0,0.0,-2404.0394290093277,IRS (Impuesto Riesgo Sistémico)
63,0.0,0.0,215,0.0,0.0,0.0,-2404.0394290093277,IRS (Impuesto Riesgo Sistémico)
64,0.0,0.0,215,0.0,0.0,0.0,-2404.0394290093277,IRS (Impuesto Riesgo Sistémico)
65,0.0,0.0,215,0.0,0.0,0.0,-2404.0394290093277,IRS (Impuesto Riesgo Sistémico)
66,0.0,0.0,215,0.0,0.0,0.0,-2404.0394290093277,IRS (Impuesto Riesgo Sistémico)
67,0.0,0.0,215,0.0,0.0,0.0,-2404.0394290093277,IRS (Impuesto Riesgo Sistémico)
68,0.0,0.0,215,0.0,0.0,0.0,-2404.0394290093277,IRS (Impuesto Riesgo Sistémico)
69,0.0,0.0,215,0.0,0.0,0.0,-2404.0394290093277,IRS (Impuesto Riesgo Sistémico)
70,0.0,0.0,215,0.0,0.0,0.0,-2404.0394290093277,IRS (Impuesto Riesgo Sistémico)
71,0.0,0.0,215,0.0,0.0,0.0,-2404.0394290093277,IRS (Impuesto Riesgo Sistémico)
72,0.0,0.0,215,0.0,0.0,0.0,-2404.0394290093277,IRS (Impuesto Riesgo Sistémico)
73,0.0,0.0,215,0.0,0.0,0.0,-2404.0394290093277,IRS (Impuesto Riesgo Sistémico)
74,0.0,0.0,215,0.0,0.0,0.0,-2404.0394290093277,IRS (Impuesto Riesgo Sistémico)
75,0.0,0.0,215,0.0,0.0,0.0,-2404.0394290093277,IRS (Impuesto Riesgo Sistémico)
76,0.0,0.0,215,0.0,0.0,0.0,-2404.0394290093277,IRS (Impuesto Riesgo Sistémico)
77,0.0,0.0,215,0.0,0.0,0.0,-2404.0394290093277,IRS (Impuesto Riesgo Sistémico)
78,0.0,0.0,215,0.0,0.0,0.0,-2404.0394290093277,IRS (Impuesto Riesgo Sistémico)
79,0.0,0.0,215,0.0,0.0,0.0,-2404.0394290093277,IRS (Impuesto Riesgo Sistémico)
80,0.0,0.0,215,0.0,0.0,0.0,-2404.0394290093277,IRS (Impuesto Riesgo Sistémico)
81,0.0,0.0,215,0.0,0.0,0.0,-2404.0394290093277,IRS (Impuesto Riesgo Sistémico)
82,0.0,0.0,215,0.0,0.0,0.0,-2404.0394290093277,IRS (Impuesto Riesgo Sistémico)
83,0.0,0.0,215,0.0,0.0,0.0,-2404.0394290093277,IRS (Impuesto Riesgo Sistémico)
84,0.0,0.0,215,0.0,0.0,0.0,-2404.0394290093277,IRS (Impuesto Riesgo Sistémico)
85,0.0,0.0,215,0.0,0.0,0.0,-2404.0394290093277,IRS (Impuesto Riesgo Sistémico)
86,0.0,0.0,215,0.0,0.0,0.0,-2404.0394290093277,IRS (Impuesto Riesgo Sistémico)
87,0.0,0.0,215,0.0,0.0,0.0,-2404.0394290093277,IRS (Impuesto Riesgo Sistémico)
88,0.0,0.0,215,0.0,0.0,0.0,-2404.0394290093277,IRS (Impuesto Riesgo Sistémico)
89,0.0,0.0,215,0.0,0.0,0.0,-2404.0394290093277,IRS (Impuesto Riesgo Sistémico)
90,0.0,0.0,215,0.0,0.0,0.0,-2404.0394290093277,IRS (Impuesto Riesgo Sistémico)
91,0.0,0.0,215,0.0,0.0,0.0,-2404.0394290093277,IRS (Impuesto Riesgo Sistémico)
92,0.0,0.0,215,0.0,0.0,0.0,-2404.0394290093277,IRS (Impuesto Riesgo Sistémico)
93,0.0,0.0,215,0.0,0.0,0.0,-2404.0394290093277,IRS (Impuesto Riesgo Sistémico)
94,0.0,0.0,215,0.0,0.0,0.0,-2404.0394290093277,IRS (Impuesto Riesgo Sistémico)
95,0.0,0.0,215,0.0,0.0,0.0,-2404.0394290093277,IRS (Impuesto Riesgo Sistémico)
96,0.0,0.0,215,0.0,0.0,0.0,-2404.0394290093277,IRS (Impuesto Riesgo Sistémico)
97,0.0,0.0,215,0.0,0.0,0.0,-2404.0394290093277,IRS (Impuesto Riesgo Sistémico)
98,0.0,0.0,215,0.0,0.0,0.0,-2404.0394290093277,IRS (Impuesto Riesgo Sistémico)
99,0.0,8.700000000000001,215,83.26209541044857,0.0,0.0,-2402.2865427901606,IRS (Impuesto Riesgo Sistémico)
100,8.881784197001252e-16,5.6,215,79.09899063992614,0.0,0.0,-2400.6213008819514,IRS (Impuesto Riesgo Sistémico)
101,0.0,3.5000000000000013,215,75.14404110792984,0.0,0.0,-2399.039321069153,IRS (Impuesto Riesgo Sistémico)
102,0.0,2.0000000000000004,215,71.38683905253335,0.0,0.0,-2397.5364402469945,IRS (Impuesto Riesgo Sistémico)
103,1.1102230246251565e-16,0.9999999999999999,215,67.81749709990667,0.0,0.0,-2396.1087034659436,IRS (Impuesto Riesgo Sistémico)
104,0.0,0.30000000000000027,216,0.0,0.0,0.0,-2461.374266252645,IRS (Impuesto Riesgo Sistémico)
105,0.0,2.0000000000000004,216,0.0,0.0,0.0,-2461.374266252645,IRS (Impuesto Riesgo Sistémico)
106,0.0,1.5000000000000002,216,0.0,0.0,0.0,-2461.374266252645,IRS (Impuesto Riesgo Sistémico)
107,0.0,1.3000000000000003,216,0.0,0.0,0.0,-2461.374266252645,IRS (Impuesto Riesgo Sistémico)
108,0.0,1.1,216,0.0,0.0,0.0,-2461.374266252645,IRS (Impuesto Riesgo Sistémico)
109,0.0,0.9,216,0.0,0.0,0.0,-2461.374266252645,IRS (Impuesto Riesgo Sistémico)
110,0.0,0.8,216,0.0,0.0,0.0,-2461.374266252645,IRS (Impuesto Riesgo Sistémico)
111,1.1102230246251565e-16,0.7,216,0.0,0.0,0.0,-2461.374266252645,IRS (Impuesto Riesgo Sistémico)
112,1.1102230246251565e-16,0.6000000000000001,216,0.0,0.0,0.0,-2461.374266252645,IRS (Impuesto Riesgo Sistémico)
113,0.0,0.6000000000000002,216,0.0,0.0,0.0,-2461.374266252645,IRS (Impuesto Riesgo Sistémico)
114,5.551115123125783e-17,0.49999999999999994,216,0.0,0.0,0.0,-2461.374266252645,IRS (Impuesto Riesgo Sistémico)
115,0.0,0.5000000000000001,216,0.0,0.0,0.0,-2461.374266252645,IRS (Impuesto Riesgo Sistémico)
116,0.0,0.5,216,0.0,0.0,0.0,-2461.374266252645,IRS (Impuesto Riesgo Sistémico)
117,1.1102230246251565e-16,0.4999999999999999,216,0.0,0.0,0.0,-2461.374266252645,IRS (Impuesto Riesgo Sistémico)
118,1.1102230246251565e-16,0.5,216,0.0,0.0,0.0,-2461.374266252645,IRS (Impuesto Riesgo Sistémico)
119,0.0,0.5000000000000002,216,0.0,0.0,0.0,-2461.374266252645,IRS (Impuesto Riesgo Sistémico)
120,0.0,0.5,216,0.0,0.0,0.0,-2461.374266252645,IRS (Impuesto Riesgo Sistémico)
121,0.0,0.6000000000000001,216,0.0,0.0,0.0,-2461.374266252645,IRS (Impuesto Riesgo Sistémico)
122,0.0,0.6000000000000002,216,0.0,0.0,0.0,-2461.374266252645,IRS (Impuesto Riesgo Sistémico)
123,1.1102230246251565e-16,0.7,216,0.0,0.0,0.0,-2461.374266252645,IRS (Impuesto Riesgo Sistémico)
124,0.0,0.8000000000000002,216,0.0,0.0,0.0,-2461.374266252645,IRS (Impuesto Riesgo Sistémico)
125,0.0,0.9000000000000001,216,0.0,0.0,0.0,-2461.374266252645,IRS (Impuesto Riesgo Sistémico)
126,0.0,1.1,216,0.0,0.0,0.0,-2461.374266252645,IRS (Impuesto Riesgo Sistémico)
127,0.0,1.3000000000000003,216,0.0,0.0,0.0,-2461.374266252645,IRS (Impuesto Riesgo Sistémico)
128,0.0,1.6,216,0.0,0.0,0.0,-2461.374266252645,IRS (Impuesto Riesgo Sistémico)
129,0.0,2.1,216,0.0,0.0,0.0,-2461.374266252645,IRS (Impuesto Riesgo Sistémico)
130,0.0,2.7000000000000006,216,0.0,0.0,0.0,-2461.374266252645,IRS (Impuesto Riesgo Sistémico)
131,0.0,3.5,216,0.0,0.0,0.0,-2461.374266252645,IRS (Impuesto Riesgo Sistémico)
132,0.0,4.7,216,0.0,0.0,0.0,-2461.374266252645,IRS (Impuesto Riesgo Sistémico)
133,0.0,6.4,216,0.0,0.0,0.0,-2461.374266252645,IRS (Impuesto Riesgo Sistémico)
134,0.0,8.900000000000002,216,0.0,0.0,0.0,-2461.374266252645,IRS (Impuesto Riesgo Sistémico)
135,0.0,7.200000000000002,216,0.0,0.0,0.0,-2461.374266252645,IRS (Impuesto Riesgo Sistémico)
136,8.881784197001252e-16,5.8999999999999995,216,0.0,0.0,0.0,-2461.374266252645,IRS (Impuesto Riesgo Sistémico)
137,0.0,7.3000000000000025,216,0.0,0.0,0.0,-2461.374266252645,IRS (Impuesto Riesgo Sistémico)
138,0.0,6.6000000000000005,216,0.0,0.0,0.0,-2461.374266252645,IRS (Impuesto Riesgo Sistémico)
139,0.0,7.6000000000000005,216,0.0,0.0,0.0,-2461.374266252645,IRS (Impuesto Riesgo Sistémico)
140,0.0,7.700000000000001,216,0.0,0.0,0.0,-2461.374266252645,IRS (Impuesto Riesgo Sistémico)
141,0.0,7.800000000000001,216,0.0,0.0,0.0,-2461.374266252645,IRS (Impuesto Riesgo Sistémico)
142,1.7763568394002505e-15,14.7,216,0.0,0.0,0.0,-2461.374266252645,IRS (Impuesto Riesgo Sistémico)
143,8.881784197001252e-16,5.500000000000001,216,0.0,0.0,0.0,-2461.374266252645,IRS (Impuesto Riesgo Sistémico)
144,0.0,10.3,216,0.0,0.0,0.0,-2461.374266252645,IRS (Impuesto Riesgo Sistémico)
145,1.7763568394002505e-15,4.999999999999998,216,0.0,0.0,0.0,-2461.374266252645,IRS (Impuesto Riesgo Sistémico)
146,0.0,7.200000000000002,216,0.0,0.0,0.0,-2461.374266252645,IRS (Impuesto Riesgo Sistémico)
147,0.0,8.4,216,0.0,0.0,0.0,-2461.374266252645,IRS (Impuesto Riesgo Sistémico)
148,0.0,11.0,216,0.0,0.0,0.0,-2461.374266252645,IRS (Impuesto Riesgo Sistémico)
149,0.0,10.0,216,0.0,0.0,0.0,-2461.374266252645,IRS (Impuesto Riesgo Sistémico)
150,0.0,13.100000000000001,216,0.0,0.0,0.0,-2461.374266252645,IRS (Impuesto Riesgo Sistémico)
151,0.0,8.0,216,0.0,0.0,0.0,-2461.374266252645,IRS (Impuesto Riesgo Sistémico)
152,1.7763568394002505e-15,14.799999999999999,216,0.0,0.0,0.0,-2461.374266252645,IRS (Impuesto Riesgo Sistémico)
153,0.0,7.200000000000004,216,0.0,0.0,0.0,-2461.374266252645,IRS (Impuesto Riesgo Sistémico)
154,0.0,14.800000000000002,216,0.0,0.0,0.0,-2461.374266252645,IRS (Impuesto Riesgo Sistémico)
155,0.0,6.300000000000001,216,0.0,0.0,0.0,-2461.374266252645,IRS (Impuesto Riesgo Sistémico)
156,0.0,14.100000000000001,216,0.0,0.0,0.0,-2461.374266252645,IRS (Impuesto Riesgo Sistémico)
157,0.0,9.700000000000001,216,0.0,0.0,0.0,-2461.374266252645,IRS (Impuesto Riesgo Sistémico)
158,0.0,9.0,216,0.0,0.0,0.0,-2461.374266252645,IRS (Impuesto Riesgo Sistémico)
159,0.0,9.500000000000002,216,0.0,0.0,0.0,-2461.374266252645,IRS (Impuesto Riesgo Sistémico)
160,0.0,7.1000000000000005,216,0.0,0.0,0.0,-2461.374266252645,IRS (Impuesto Riesgo Sistémico)
161,1.7763568394002505e-15,9.299999999999999,216,0.0,0.0,0.0,-2461.374266252645,IRS (Impuesto Riesgo Sistémico)
162,0.0,5.700000000000002,216,0.0,0.0,0.0,-2461.374266252645,IRS (Impuesto Riesgo Sistémico)
163,3.552713678800501e-15,13.899999999999997,216,0.0,0.0,0.0,-2461.374266252645,IRS (Impuesto Riesgo Sistémico)
164,0.0,10.800000000000006,216,0.0,0.0,0.0,-2461.374266252645,IRS (Impuesto Riesgo Sistémico)
165,0.0,5.000000000000001,216,0.0,0.0,0.0,-2461.374266252645,IRS (Impuesto Riesgo Sistémico)
166,0.0,10.400000000000002,216,0.0,0.0,0.0,-2461.374266252645,IRS (Impuesto Riesgo Sistémico)
167,1.7763568394002505e-15,13.299999999999999,216,0.0,0.0,0.0,-2461.374266252645,IRS (Impuesto Riesgo Sistémico)
168,0.0,9.200000000000003,216,0.0,0.0,0.0,-2461.374266252645,IRS (Impuesto Riesgo Sistémico)
169,0.0,12.4,216,0.0,0.0,0.0,-2461.374266252645,IRS (Impuesto Riesgo Sistémico)
170,0.0,8.300000000000002,216,0.0,0.0,0.0,-2461.374266252645,IRS (Impuesto Riesgo Sistémico)
171,1.7763568394002505e-15,12.399999999999999,216,0.0,0.0,0.0,-2461.374266252645,IRS (Impuesto Riesgo Sistémico)
172,0.0,5.800000000000004,216,0.0,0.0,0.0,-2461.374266252645,IRS (Impuesto Riesgo Sistémico)
173,1.7763568394002505e-15,8.099999999999998,216,0.0,0.0,0.0,-2461.374266252645,IRS (Impuesto Riesgo Sistémico)
174,0.0,9.300000000000002,216,0.0,0.0,0.0,-2461.374266252645,IRS (Impuesto Riesgo Sistémico)
175,0.0,5.1000000000000005,216,0.0,0.0,0.0,-2461.374266252645,IRS (Impuesto Riesgo Sistémico)
176,8.881784197001252e-16,5.3999999999999995,216,0.0,0.0,0.0,-2461.374266252645,IRS (Impuesto Riesgo Sistémico)
177,0.0,10.0,216,0.0,0.0,0.0,-2461.374266252645,IRS (Impuesto Riesgo Sistémico)
178,0.0,13.200000000000001,216,0.0,0.0,0.0,-2461.374266252645,IRS (Impuesto Riesgo Sistémico)
179,0.0,10.4,216,0.0,0.0,0.0,-2461.374266252645,IRS (Impuesto Riesgo Sistémico)
180,0.0,5.300000000000001,216,0.0,0.0,0.0,-2461.374266252645,IRS (Impuesto Riesgo Sistémico)
181,0.0,10.500000000000002,216,0.0,0.0,0.0,-2461.374266252645,IRS (Impuesto Riesgo Sistémico)
182,0.0,10.8,216,0.0,0.0,0.0,-2461.374266252645,IRS (Impuesto Riesgo Sistémico)
183,1.7763568394002505e-15,14.7,216,0.0,0.0,0.0,-2461.374266252645,IRS (Impuesto Riesgo Sistémico)
184,0.0,5.400000000000002,216,0.0,0.0,0.0,-2461.374266252645,IRS (Impuesto Riesgo Sistémico)
185,0.0,10.4,216,0.0,0.0,0.0,-2461.374266252645,IRS (Impuesto Riesgo Sistémico)
186,8.881784197001252e-16,7.8,216,0.0,0.0,0.0,-2461.374266252645,IRS (Impuesto Riesgo Sistémico)
187,0.0,14.700000000000003,216,0.0,0.0,0.0,-2461.374266252645,IRS (Impuesto Riesgo Sistémico)
188,8.881784197001252e-16,7.6,216,0.0,0.0,0.0,-2461.374266252645,IRS (Impuesto Riesgo Sistémico)
189,0.0,7.200000000000002,216,0.0,0.0,0.0,-2461.374266252645,IRS (Impuesto Riesgo Sistémico)
190,0.0,9.3,216,0.0,0.0,0.0,-2461.374266252645,IRS (Impuesto Riesgo Sistémico)
191,1.7763568394002505e-15,12.2,216,0.0,0.0,0.0,-2461.374266252645,IRS (Impuesto Riesgo Sistémico)
192,0.0,8.100000000000001,216,0.0,0.0,0.0,-2461.374266252645,IRS (Impuesto Riesgo Sistémico)
193,1.7763568394002505e-15,13.6,216,0.0,0.0,0.0,-2461.374266252645,IRS (Impuesto Riesgo Sistémico)
194,0.0,6.600000000000002,216,0.0,0.0,0.0,-2461.374266252645,IRS (Impuesto Riesgo Sistémico)
195,0.0,7.9,216,0.0,0.0,0.0,-2461.374266252645,IRS (Impuesto Riesgo Sistémico)
196,0.0,9.5,216,0.0,0.0,0.0,-2461.374266252645,IRS (Impuesto Riesgo Sistémico)
197,3.552713678800501e-15,11.599999999999998,216,0.0,0.0,0.0,-2461.374266252645,IRS (Impuesto Riesgo Sistémico)
198,0.0,10.400000000000004,216,0.0,0.0,0.0,-2461.374266252645,IRS (Impuesto Riesgo Sistémico)
199,0.0,5.200000000000001,216,0.0,0.0,0.0,-2461.374266252645,IRS (Impuesto Riesgo Sistémico)
200,1.7763568394002505e-15,11.7,216,0.0,0.0,0.0,-2461.374266252645,IRS (Impuesto Riesgo Sistémico)
201,0.0,7.800000000000003,216,0.0,0.0,0.0,-2461.374266252645,IRS (Impuesto Riesgo Sistémico)
202,0.0,7.5,216,0.0,0.0,0.0,-2461.374266252645,IRS (Impuesto Riesgo Sistémico)
203,0.0,14.8,216,0.0,0.0,0.0,-2461.374266252645,IRS (Impuesto Riesgo Sistémico)
204,1.7763568394002505e-15,9.2,216,0.0,0.0,0.0,-2461.374266252645,IRS (Impuesto Riesgo Sistémico)
205,0.0,5.200000000000002,216,0.0,0.0,0.0,-2461.374266252645,IRS (Impuesto Riesgo Sistémico)
206,0.0,10.700000000000001,216,0.0,0.0,0.0,-2461.374266252645,IRS (Impuesto Riesgo Sistémico)
207,0.0,14.800000000000006,216,0.0,0.0,0.0,-2461.374266252645,IRS (Impuesto Riesgo Sistémico)
208,3.552713678800501e-15,9.299999999999997,216,0.0,0.0,0.0,-2461.374266252645,IRS (Impuesto Riesgo Sistémico)
209,0.0,6.900000000000004,216,0.0,0.0,0.0,-2461.374266252645,IRS (Impuesto Riesgo Sistémico)
210,0.0,9.1,216,0.0,0.0,0.0,-2461.374266252645,IRS (Impuesto Riesgo Sistémico)
211,1.2595848052627971,12.040415194737204,216,0.0,0.0,0.0,-2461.374266252645,IRS (Impuesto Riesgo Sistémico)
212,0.0,7.8595848052627995,216,0.0,0.0,0.0,-2461.374266252645,IRS (Impuesto Riesgo Sistémico)
213,0.0,13.5,216,0.0,0.0,0.0,-2461.374266252645,IRS (Impuesto Riesgo Sistémico)
214,0.0,14.200000000000001,216,0.0,0.0,0.0,-2461.374266252645,IRS (Impuesto Riesgo Sistémico)
215,0.0,13.3,216,0.0,0.0,0.0,-2461.374266252645,IRS (Impuesto Riesgo Sistémico)
216,0.0,5.900000000000002,216,0.0,0.0,0.0,-2461.374266252645,IRS (Impuesto Riesgo Sistémico)
217,3.552713678800501e-15,11.699999999999998,216,0.0,0.0,0.0,-2461.374266252645,IRS (Impuesto Riesgo Sistémico)
218,0.0,5.900000000000004,216,0.0,0.0,0.0,-2461.374266252645,IRS (Impuesto Riesgo Sistémico)
219,5.329070518200751e-15,13.699999999999996,216,0.0,0.0,0.0,-2461.374266252645,IRS (Impuesto Riesgo Sistémico)
220,0.0,8.900000000000006,216,0.0,0.0,0.0,-2461.374266252645,IRS (Impuesto Riesgo Sistémico)
221,8.881784197001252e-16,5.8999999999999995,216,0.0,0.0,0.0,-2461.374266252645,IRS (Impuesto Riesgo Sistémico)
222,0.0,14.100000000000001,216,0.0,0.0,0.0,-2461.374266252645,IRS (Impuesto Riesgo Sistémico)
223,0.0,14.800000000000004,216,0.0,0.0,0.0,-2461.374266252645,IRS (Impuesto Riesgo Sistémico)
224,0.0,7.600000000000001,216,0.0,0.0,0.0,-2461.374266252645,IRS (Impuesto Riesgo Sistémico)
225,0.0,12.5,216,0.0,0.0,0.0,-2461.374266252645,IRS (Impuesto Riesgo Sistémico)
226,0.0,6.200000000000001,216,0.0,0.0,0.0,-2461.374266252645,IRS (Impuesto Riesgo Sistémico)
227,1.7763568394002505e-15,11.999999999999998,216,0.0,0.0,0.0,-2461.374266252645,IRS (Impuesto Riesgo Sistémico)
228,0.0,12.300000000000004,216,0.0,0.0,0.0,-2461.374266252645,IRS (Impuesto Riesgo Sistémico)
229,0.0,6.000000000000001,216,0.0,0.0,0.0,-2461.374266252645,IRS (Impuesto Riesgo Sistémico)
230,5.329070518200751e-15,12.699999999999996,216,0.0,0.0,0.0,-2461.374266252645,IRS (Impuesto Riesgo Sistémico)
231,2.6645352591003757e-15,6.800000000000003,216,0.0,0.0,0.0,-2461.374266252645,IRS (Impuesto Riesgo Sistémico)
232,0.0,10.000000000000004,216,0.0,0.0,0.0,-2461.374266252645,IRS (Impuesto Riesgo Sistémico)
233,0.0,5.600000000000002,216,0.0,0.0,0.0,-2461.374266252645,IRS (Impuesto Riesgo Sistémico)
234,0.0,13.900000000000002,216,0.0,0.0,0.0,-2461.374266252645,IRS (Impuesto Riesgo Sistémico)
235,0.0,11.500000000000002,216,0.0,0.0,0.0,-2461.374266252645,IRS (Impuesto Riesgo Sistémico)
236,0.0,7.1000000000000005,216,0.0,0.0,0.0,-2461.374266252645,IRS (Impuesto Riesgo Sistémico)
237,3.0762878598742134,10.023712140125788,216,0.0,0.0,0.0,-2461.374266252645,IRS (Impuesto Riesgo Sistémico)
238,1.7763568394002505e-15,11.876287859874212,216,0.0,0.0,0.0,-2461.374266252645,IRS (Impuesto Riesgo Sistémico)
239,0.0,9.300000000000004,216,0.0,0.0,0.0,-2461.374266252645,IRS (Impuesto Riesgo Sistémico)
240,1.7763568394002505e-15,11.299999999999999,216,0.0,0.0,0.0,-2461.374266252645,IRS (Impuesto Riesgo Sistémico)
241,8.167059124240797,6.632940875759205,216,0.0,0.0,0.0,-2461.374266252645,IRS (Impuesto Riesgo Sistémico)
242,0.0,15.567059124240798,216,0.0,0.0,0.0,-2461.374266252645,IRS (Impuesto Riesgo Sistémico)
243,3.552713678800501e-15,13.599999999999998,216,0.0,0.0,0.0,-2461.374266252645,IRS (Impuesto Riesgo Sistémico)
244,0.0,5.100000000000004,216,0.0,0.0,0.0,-2461.374266252645,IRS (Impuesto Riesgo Sistémico)
245,1.7763568394002505e-15,10.899999999999999,216,0.0,0.0,0.0,-2461.374266252645,IRS (Impuesto Riesgo Sistémico)
246,0.6304573374728424,12.56954266252716,216,0.0,0.0,0.0,-2461.374266252645,IRS (Impuesto Riesgo Sistémico)
247,0.0,6.530457337472843,216,0.0,0.0,0.0,-2461.374266252645,IRS (Impuesto Riesgo Sistémico)
248,0.0,8.200000000000001,216,0.0,0.0,0.0,-2461.374266252645,IRS (Impuesto Riesgo Sistémico)
249,0.0,9.300000000000002,216,0.0,0.0,0.0,-2461.374266252645,IRS (Impuesto Riesgo Sistémico)
250,7.064868442214148,7.135131557785853,216,0.0,0.0,0.0,-2461.374266252645,IRS (Impuesto Riesgo Sistémico)
251,0.0,15.164868442214152,216,0.0,0.0,0.0,-2461.374266252645,IRS (Impuesto Riesgo Sistémico)
252,0.6333941755551447,12.066605824444856,216,0.0,0.0,0.0,-2461.374266252645,IRS (Impuesto Riesgo Sistémico)
253,0.0,11.933394175555145,216,0.0,0.0,0.0,-2461.374266252645,IRS (Impuesto Riesgo Sistémico)
254,1.7763568394002505e-15,7.099999999999999,216,0.0,0.0,0.0,-2461.374266252645,IRS (Impuesto Riesgo Sistémico)
255,0.0,9.200000000000003,216,0.0,0.0,0.0,-2461.374266252645,IRS (Impuesto Riesgo Sistémico)
256,3.552713678800501e-15,11.899999999999997,216,0.0,0.0,0.0,-2461.374266252645,IRS (Impuesto Riesgo Sistémico)
257,7.478139107066426,5.121860892933579,216,0.0,0.0,0.0,-2461.374266252645,IRS (Impuesto Riesgo Sistémico)
258,0.3047036891042971,15.37343541796213,216,0.0,0.0,0.0,-2461.374266252645,IRS (Impuesto Riesgo Sistémico)
259,0.0,9.104703689104298,216,0.0,0.0,0.0,-2461.374266252645,IRS (Impuesto Riesgo Sistémico)
260,0.0,10.600000000000001,216,0.0,0.0,0.0,-2461.374266252645,IRS (Impuesto Riesgo Sistémico)
261,0.0,6.3000000000000025,216,0.0,0.0,0.0,-2461.374266252645,IRS (Impuesto Riesgo Sistémico)
262,0.0,8.9,216,0.0,0.0,0.0,-2461.374266252645,IRS (Impuesto Riesgo Sistémico)
263,0.0,5.5,216,0.0,0.0,0.0,-2461.374266252645,IRS (Impuesto Riesgo Sistémico)
264,0.0,6.6000000000000005,216,0.0,0.0,0.0,-2461.374266252645,IRS (Impuesto Riesgo Sistémico)
265,0.0,6.5,216,0.0,0.0,0.0,-2461.374266252645,IRS (Impuesto Riesgo Sistémico)
266,4.856929127480427,4.143070872519573,216,0.0,0.0,0.0,-2461.374266252645,IRS (Impuesto Riesgo Sistémico)
267,2.3016747689368557,16.655254358543573,216,0.0,0.0,0.0,-2461.374266252645,IRS (Impuesto Riesgo Sistémico)
268,0.0,12.801674768936858,216,0.0,0.0,0.0,-2461.374266252645,IRS (Impuesto Riesgo Sistémico)
269,0.0,6.1000000000000005,216,0.0,0.0,0.0,-2461.374266252645,IRS (Impuesto Riesgo Sistémico)
270,1.7763568394002505e-15,8.499999999999998,216,0.0,0.0,0.0,-2461.374266252645,IRS (Impuesto Riesgo Sistémico)
271,0.0,11.600000000000003,216,0.0,0.0,0.0,-2461.374266252645,IRS (Impuesto Riesgo Sistémico)
272,1.1054022658535736,9.194597734146427,216,0.0,0.0,0.0,-2461.374266252645,IRS (Impuesto Riesgo Sistémico)
273,0.0,15.005402265853574,216,0.0,0.0,0.0,-2461.374266252645,IRS (Impuesto Riesgo Sistémico)
274,0.0,12.0,216,0.0,0.0,0.0,-2461.374266252645,IRS (Impuesto Riesgo Sistémico)
275,1.8326647131839744,6.567335286816026,216,0.0,0.0,0.0,-2461.374266252645,IRS (Impuesto Riesgo Sistémico)
276,0.0,6.932664713183978,216,0.0,0.0,0.0,-2461.374266252645,IRS (Impuesto Riesgo Sistémico)
277,0.8423336140208715,9.85766638597913,216,0.0,0.0,0.0,-2461.374266252645,IRS (Impuesto Riesgo Sistémico)
278,2.5551100748692424,9.28722353915163,216,0.0,0.0,0.0,-2461.374266252645,IRS (Impuesto Riesgo Sistémico)
279,2.7421656293260064,13.212944445543236,216,0.0,0.0,0.0,-2461.374266252645,IRS (Impuesto Riesgo Sistémico)
280,1.7763568394002505e-15,8.542165629326005,216,0.0,0.0,0.0,-2461.374266252645,IRS (Impuesto Riesgo Sistémico)
281,8.881784197001252e-16,5.900000000000001,216,0.0,0.0,0.0,-2461.374266252645,IRS (Impuesto Riesgo Sistémico)
282,1.7763568394002505e-15,8.700000000000001,216,0.0,0.0,0.0,-2461.374266252645,IRS (Impuesto Riesgo Sistémico)
283,2.6645352591003757e-15,7.999999999999999,216,0.0,0.0,0.0,-2461.374266252645,IRS (Impuesto Riesgo Sistémico)
284,0.0,7.200000000000005,216,0.0,0.0,0.0,-2461.374266252645,IRS (Impuesto Riesgo Sistémico)
285,6.346806385481176,5.453193614518825,216,0.0,0.0,0.0,-2461.374266252645,IRS (Impuesto Riesgo Sistémico)
286,0.0,19.646806385481177,216,0.0,0.0,0.0,-2461.374266252645,IRS (Impuesto Riesgo Sistémico)
287,0.0,9.0,216,0.0,0.0,0.0,-2461.374266252645,IRS (Impuesto Riesgo Sistémico)
288,8.881784197001252e-16,7.3999999999999995,216,0.0,0.0,0.0,-2461.374266252645,IRS (Impuesto Riesgo Sistémico)
289,0.0,9.800000000000002,216,0.0,0.0,0.0,-2461.374266252645,IRS (Impuesto Riesgo Sistémico)
290,1.2066024207244865,3.893397579275514,216,0.0,0.0,0.0,-2461.374266252645,IRS (Impuesto Riesgo Sistémico)
291,0.0,8.40660242072449,216,0.0,0.0,0.0,-2461.374266252645,IRS (Impuesto Riesgo Sistémico)
292,0.0,10.100000000000003,216,0.0,0.0,0.0,-2461.374266252645,IRS (Impuesto Riesgo Sistémico)
293,3.1008762061602333,5.999123793839766,216,0.0,0.0,0.0,-2461.374266252645,IRS (Impuesto Riesgo Sistémico)
294,2.608706280177426,15.292169925982808,216,0.0,0.0,0.0,-2461.374266252645,IRS (Impuesto Riesgo Sistémico)
295,0.0,15.608706280177431,216,0.0,0.0,0.0,-2461.374266252645,IRS (Impuesto Riesgo Sistémico)
296,0.0,5.900000000000001,216,0.0,0.0,0.0,-2461.374266252645,IRS (Impuesto Riesgo Sistémico)
297,0.0,10.700000000000003,216,0.0,0.0,0.0,-2461.374266252645,IRS (Impuesto Riesgo Sistémico)
298,0.0,5.600000000000001,216,0.0,0.0,0.0,-2461.374266252645,IRS (Impuesto Riesgo Sistémico)
299,2.6823863852425607,7.21761361475744,216,0.0,0.0,0.0,-2461.374266252645,IRS (Impuesto Riesgo Sistémico)
300,3.552713678800501e-15,14.982386385242558,216,0.0,0.0,0.0,-2461.374266252645,IRS (Impuesto Riesgo Sistémico)
301,0.0,10.300000000000006,216,0.0,0.0,0.0,-2461.374266252645,IRS (Impuesto Riesgo Sistémico)
302,9.774965189844572,1.925034810155429,216,0.0,0.0,0.0,-2461.374266252645,IRS (Impuesto Riesgo Sistémico)
303,4.0521069883446525,13.72285820149992,216,0.0,0.0,0.0,-2461.374266252645,IRS (Impuesto Riesgo Sistémico)
304,0.0,15.152106988344658,216,0.0,0.0,0.0,-2461.374266252645,IRS (Impuesto Riesgo Sistémico)
305,1.7763568394002505e-15,13.499999999999998,216,0.0,0.0,0.0,-2461.374266252645,IRS (Impuesto Riesgo Sistémico)
306,0.19345396964142125,5.606546030358581,216,0.0,0.0,0.0,-2461.374266252645,IRS (Impuesto Riesgo Sistémico)
307,1.7763568394002505e-15,10.19345396964142,216,0.0,0.0,0.0,-2461.374266252645,IRS (Impuesto Riesgo Sistémico)
308,3.207947600607115,9.792052399392887,216,0.0,0.0,0.0,-2461.374266252645,IRS (Impuesto Riesgo Sistémico)
309,0.0,11.307947600607116,216,0.0,0.0,0.0,-2461.374266252645,IRS (Impuesto Riesgo Sistémico)
310,0.0,5.400000000000001,216,0.0,0.0,0.0,-2461.374266252645,IRS (Impuesto Riesgo Sistémico)
311,0.48742858291424085,8.81257141708576,216,0.0,0.0,0.0,-2461.374266252645,IRS (Impuesto Riesgo Sistémico)
312,1.7763568394002505e-15,10.28742858291424,216,0.0,0.0,0.0,-2461.374266252645,IRS (Impuesto Riesgo Sistémico)
313,1.7763568394002505e-15,8.9,216,0.0,0.0,0.0,-2461.374266252645,IRS (Impuesto Riesgo Sistémico)
314,4.40994330033505,3.990056699664952,216,0.0,0.0,0.0,-2461.374266252645,IRS (Impuesto Riesgo Sistémico)
315,5.6554554092083755,13.354487891126677,216,0.0,0.0,0.0,-2461.374266252645,IRS (Impuesto Riesgo Sistémico)
316,3.9733728966084385,15.882082512599936,216,0.0,0.0,0.0,-2461.374266252645,IRS (Impuesto Riesgo Sistémico)
317,3.552713678800501e-15,14.173372896608436,216,0.0,0.0,0.0,-2461.374266252645,IRS (Impuesto Riesgo Sistémico)
318,3.552713678800501e-15,7.1000000000000005,216,0.0,0.0,0.0,-2461.374266252645,IRS (Impuesto Riesgo Sistémico)
319,0.0,9.400000000000006,216,0.0,0.0,0.0,-2461.374266252645,IRS (Impuesto Riesgo Sistémico)
320,0.0,10.200000000000003,216,0.0,0.0,0.0,-2461.374266252645,IRS (Impuesto Riesgo Sistémico)
321,5.640809561074994,5.759190438925006,216,0.0,0.0,0.0,-2461.374266252645,IRS (Impuesto Riesgo Sistémico)
322,3.552713678800501e-15,11.240809561074991,216,0.0,0.0,0.0,-2461.374266252645,IRS (Impuesto Riesgo Sistémico)
323,0.11318014010732469,6.086819859892679,216,0.0,0.0,0.0,-2461.374266252645,IRS (Impuesto Riesgo Sistémico)
324,3.8065739864746195,9.606606153632706,216,0.0,0.0,0.0,-2461.374266252645,IRS (Impuesto Riesgo Sistémico)
325,3.9922158190913777,10.214358167383242,216,0.0,0.0,0.0,-2461.374266252645,IRS (Impuesto Riesgo Sistémico)
326,0.0,9.59221581909138,216,0.0,0.0,0.0,-2461.374266252645,IRS (Impuesto Riesgo Sistémico)
327,6.662187932562274,6.337812067437726,216,0.0,0.0,0.0,-2461.374266252645,IRS (Impuesto Riesgo Sistémico)
328,3.0687315547409426,12.193456377821331,216,0.0,0.0,0.0,-2461.374266252645,IRS (Impuesto Riesgo Sistémico)
329,3.950537162551109,10.118194392189833,216,0.0,0.0,0.0,-2461.374266252645,IRS (Impuesto Riesgo Sistémico)
330,3.336386836510137,10.814150326040973,216,0.0,0.0,0.0,-2461.374266252645,IRS (Impuesto Riesgo Sistémico)
331,1.7763568394002505e-15,9.436386836510136,216,0.0,0.0,0.0,-2461.374266252645,IRS (Impuesto Riesgo Sistémico)
332,1.7763568394002505e-15,9.8,216,0.0,0.0,0.0,-2461.374266252645,IRS (Impuesto Riesgo Sistémico)
333,1.7763568394002505e-15,5.0,216,0.0,0.0,0.0,-2461.374266252645,IRS (Impuesto Riesgo Sistémico)
334,8.881784197001252e-16,7.500000000000001,216,0.0,0.0,0.0,-2461.374266252645,IRS (Impuesto Riesgo Sistémico)
335,3.15882233102732,7.141177668972681,216,0.0,0.0,0.0,-2461.374266252645,IRS (Impuesto Riesgo Sistémico)
336,1.4719168842834023,8.386905446743917,216,0.0,0.0,0.0,-2461.374266252645,IRS (Impuesto Riesgo Sistémico)
337,6.0696867916402155,8.602230092643188,216,0.0,0.0,0.0,-2461.374266252645,IRS (Impuesto Riesgo Sistémico)
338,5.284081956320559,8.085604835319657,216,0.0,0.0,0.0,-2461.374266252645,IRS (Impuesto Riesgo Sistémico)
339,12.914610710211257,6.569471246109301,216,0.0,0.0,0.0,-2461.374266252645,IRS (Impuesto Riesgo Sistémico)
340,11.557039105552846,6.957571604658411,216,0.0,0.0,0.0,-2461.374266252645,IRS (Impuesto Riesgo Sistémico)
341,10.451950619915497,8.805088485637349,216,0.0,0.0,0.0,-2461.374266252645,IRS (Impuesto Riesgo Sistémico)
342,8.31120956608572,12.140741053829776,216,0.0,0.0,0.0,-2461.374266252645,IRS (Impuesto Riesgo Sistémico)
343,4.144732795192077,9.466476770893644,216,0.0,0.0,0.0,-2461.374266252645,IRS (Impuesto Riesgo Sistémico)
344,3.910899404975442,9.033833390216635,216,0.0,0.0,0.0,-2461.374266252645,IRS (Impuesto Riesgo Sistémico)
345,11.38258931320113,4.328310091774313,216,0.0,0.0,0.0,-2461.374266252645,IRS (Impuesto Riesgo Sistémico)
346,11.683568615798379,7.1990206974027515,216,0.0,0.0,0.0,-2461.374266252645,IRS (Impuesto Riesgo Sistémico)
347,14.008566977623586,7.675001638174793,216,0.0,0.0,0.0,-2461.374266252645,IRS (Impuesto Riesgo Sistémico)
348,11.151981002243382,10.156585975380203,216,0.0,0.0,0.0,-2461.374266252645,IRS (Impuesto Riesgo Sistémico)
349,3.832129182153947,14.319851820089434,216,0.0,0.0,0.0,-2461.374266252645,IRS (Impuesto Riesgo Sistémico)
350,0.0,14.23212918215395,216,0.0,0.0,0.0,-2461.374266252645,IRS (Impuesto Riesgo Sistémico)
351,0.0,9.200000000000005,216,0.0,0.0,0.0,-2461.374266252645,IRS (Impuesto Riesgo Sistémico)
352,4.9306313920624465,7.0693686079375535,216,0.0,0.0,0.0,-2461.374266252645,IRS (Impuesto Riesgo Sistémico)
353,5.6586552509181365,6.971976141144311,216,0.0,0.0,0.0,-2461.374266252645,IRS (Impuesto Riesgo Sistémico)
354,0.0,14.45865525091814,216,0.0,0.0,0.0,-2461.374266252645,IRS (Impuesto Riesgo Sistémico)
355,2.5506720855831464,11.149327914416855,216,0.0,0.0,0.0,-2461.374266252645,IRS (Impuesto Riesgo Sistémico)
356,0.0,7.650672085583148,216,0.0,0.0,0.0,-2461.374266252645,IRS (Impuesto Riesgo Sistémico)
357,3.8178403195402257,9.282159680459776,216,0.0,0.0,0.0,-2461.374266252645,IRS (Impuesto Riesgo Sistémico)
358,2.5677819952232657,7.950058324316961,216,0.0,0.0,0.0,-2461.374266252645,IRS (Impuesto Riesgo Sistémico)
359,0.28538084914078254,15.682401146082483,216,0.0,0.0,0.0,-2461.374266252645,IRS (Impuesto Riesgo Sistémico)
360,1.7763568394002505e-15,7.785380849140781,216,0.0,0.0,0.0,-2461.374266252645,IRS (Impuesto Riesgo Sistémico)
361,0.3719909986522758,13.228009001347727,216,0.0,0.0,0.0,-2461.374266252645,IRS (Impuesto Riesgo Sistémico)
362,6.627695263367091,8.644295735285185,216,0.0,0.0,0.0,-2461.374266252645,IRS (Impuesto Riesgo Sistémico)
363,9.547879809827942,9.07981545353915,216,0.0,0.0,0.0,-2461.374266252645,IRS (Impuesto Riesgo Sistémico)
364,6.927154432427228,12.220725377400713,216,0.0,0.0,0.0,-2461.374266252645,IRS (Impuesto Riesgo Sistémico)
365,8.73268211380342,11.894472318623809,216,0.0,0.0,0.0,-2461.374266252645,IRS (Impuesto Riesgo Sistémico)
366,5.283823773152632,9.04885834065079,216,0.0,0.0,0.0,-2461.374266252645,IRS (Impuesto Riesgo Sistémico)
367,7.359313744866463,7.724510028286169,216,0.0,0.0,0.0,-2461.374266252645,IRS (Impuesto Riesgo Sistémico)
368,4.845963426084012,12.313350318782451,216,0.0,0.0,0.0,-2461.374266252645,IRS (Impuesto Riesgo Sistémico)
369,0.0,10.445963426084015,216,0.0,0.0,0.0,-2461.374266252645,IRS (Impuesto Riesgo Sistémico)
370,0.0,6.400000000000004,216,0.0,0.0,0.0,-2461.374266252645,IRS (Impuesto Riesgo Sistémico)
371,8.881784197001252e-16,7.6,216,0.0,0.0,0.0,-2461.374266252645,IRS (Impuesto Riesgo Sistémico)
372,0.0,10.200000000000006,216,0.0,0.0,0.0,-2461.374266252645,IRS (Impuesto Riesgo Sistémico)
373,0.0,7.1000000000000005,216,0.0,0.0,0.0,-2461.374266252645,IRS (Impuesto Riesgo Sistémico)
374,0.0,6.4,216,0.0,0.0,0.0,-2461.374266252645,IRS (Impuesto Riesgo Sistémico)
375,2.1094991251957964,4.790500874804204,216,0.0,0.0,0.0,-2461.374266252645,IRS (Impuesto Riesgo Sistémico)
376,5.15048096540956,10.659018159786237,216,0.0,0.0,0.0,-2461.374266252645,IRS (Impuesto Riesgo Sistémico)
377,7.857291794068065,9.093189171341496,216,0.0,0.0,0.0,-2461.374266252645,IRS (Impuesto Riesgo Sistémico)
378,2.628705127450658,13.028586666617407,216,0.0,0.0,0.0,-2461.374266252645,IRS (Impuesto Riesgo Sistémico)
379,6.148118668322331,11.18058645912833,216,0.0,0.0,0.0,-2461.374266252645,IRS (Impuesto Riesgo Sistémico)
380,0.3053760524779072,12.842742615844424,216,0.0,0.0,0.0,-2461.374266252645,IRS (Impuesto Riesgo Sistémico)
381,0.0,13.305376052477909,216,0.0,0.0,0.0,-2461.374266252645,IRS (Impuesto Riesgo Sistémico)
382,7.402623276705332,6.397376723294669,216,0.0,0.0,0.0,-2461.374266252645,IRS (Impuesto Riesgo Sistémico)
383,11.398698401812824,10.303924874892507,216,0.0,0.0,0.0,-2461.374266252645,IRS (Impuesto Riesgo Sistémico)
384,17.02285998605877,7.475838415754055,216,0.0,0.0,0.0,-2461.374266252645,IRS (Impuesto Riesgo Sistémico)
385,26.57540429191363,4.04745569414514,216,0.0,0.0,0.0,-2461.374266252645,IRS (Impuesto Riesgo Sistémico)
386,32.941318077245285,7.1340862146683435,216,0.0,0.0,0.0,-2461.374266252645,IRS (Impuesto Riesgo Sistémico)
387,32.0489398269872,7.092378250258085,216,0.0,0.0,0.0,-2461.374266252645,IRS (Impuesto Riesgo Sistémico)
388,33.600530293509614,3.8484095334775885,216,0.0,0.0,0.0,-2461.374266252645,IRS (Impuesto Riesgo Sistémico)
389,25.589500178232925,17.411030115276688,216,0.0,0.0,0.0,-2461.374266252645,IRS (Impuesto Riesgo Sistémico)
390,24.814741047925743,10.274759130307183,216,0.0,0.0,0.0,-2461.374266252645,IRS (Impuesto Riesgo Sistémico)
391,29.77964617623521,5.335094871690535,216,0.0,0.0,0.0,-2461.374266252645,IRS (Impuesto Riesgo Sistémico)
392,34.48689001133214,9.192756164903065,216,0.0,0.0,0.0,-2461.374266252645,IRS (Impuesto Riesgo Sistémico)
393,33.36867328197184,12.618216729360302,216,0.0,0.0,0.0,-2461.374266252645,IRS (Impuesto Riesgo Sistémico)
394,37.8891875771061,7.679485704865739,216,0.0,0.0,0.0,-2461.374266252645,IRS (Impuesto Riesgo Sistémico)
395,43.01193176888837,9.17725580821773,216,0.0,0.0,0.0,-2461.374266252645,IRS (Impuesto Riesgo Sistémico)
396,35.27203340823439,18.53989836065398,216,0.0,0.0,0.0,-2461.374266252645,IRS (Impuesto Riesgo Sistémico)
397,35.90032493963277,4.671708468601621,216,0.0,0.0,0.0,-2461.374266252645,IRS (Impuesto Riesgo Sistémico)
398,31.941237726052833,11.159087213579937,216,0.0,0.0,0.0,-2461.374266252645,IRS (Impuesto Riesgo Sistémico)
399,30.51982659139028,8.72141113466255,216,0.0,0.0,0.0,-2461.374266252645,IRS (Impuesto Riesgo Sistémico)
400,32.950250535910364,11.769576055479915,216,0.0,0.0,0.0,-2461.374266252645,IRS (Impuesto Riesgo Sistémico)
401,28.806315309427713,13.443935226482655,216,0.0,0.0,0.0,-2461.374266252645,IRS (Impuesto Riesgo Sistémico)
402,29.300905317033564,6.905409992394152,216,0.0,0.0,0.0,-2461.374266252645,IRS (Impuesto Riesgo Sistémico)
403,28.971831219439622,12.329074097593947,216,0.0,0.0,0.0,-2461.374266252645,IRS (Impuesto Riesgo Sistémico)
404,31.717551738403117,5.45427948103651,216,0.0,0.0,0.0,-2461.374266252645,IRS (Impuesto Riesgo Sistémico)
405,40.759225363990275,3.0583263744128426,216,0.0,0.0,0.0,-2461.374266252645,IRS (Impuesto Riesgo Sistémico)
406,44.37151712669512,7.68770823729516,216,0.0,0.0,0.0,-2461.374266252645,IRS (Impuesto Riesgo Sistémico)
407,44.09711398527272,14.8744031414224,216,0.0,0.0,0.0,-2461.374266252645,IRS (Impuesto Riesgo Sistémico)
408,44.14467161479536,6.552442370477366,216,0.0,0.0,0.0,-2461.374266252645,IRS (Impuesto Riesgo Sistémico)
409,47.25766204854535,9.287009566250008,216,0.0,0.0,0.0,-2461.374266252645,IRS (Impuesto Riesgo Sistémico)
410,49.041369598385,7.716292450160345,216,0.0,0.0,0.0,-2461.374266252645,IRS (Impuesto Riesgo Sistémico)
411,46.157249701477326,9.284119896907674,216,0.0,0.0,0.0,-2461.374266252645,IRS (Impuesto Riesgo Sistémico)
412,55.912624095223684,1.8446256062536421,216,0.0,0.0,0.0,-2461.374266252645,IRS (Impuesto Riesgo Sistémico)
413,52.87261441381057,11.340009681413123,216,0.0,0.0,0.0,-2461.374266252645,IRS (Impuesto Riesgo Sistémico)
414,54.72073076329781,6.751883650512758,216,0.0,0.0,0.0,-2461.374266252645,IRS (Impuesto Riesgo Sistémico)
415,57.99833664802855,7.622394115269266,216,0.0,0.0,0.0,-2461.374266252645,IRS (Impuesto Riesgo Sistémico)
416,54.459309398563406,15.539027249465152,216,0.0,0.0,0.0,-2461.374266252645,IRS (Impuesto Riesgo Sistémico)
417,61.38508399647153,2.4742254020918777,216,0.0,0.0,0.0,-2461.374266252645,IRS (Impuesto Riesgo Sistémico)
418,64.10194306193301,9.383140934538515,216,0.0,0.0,0.0,-2461.374266252645,IRS (Impuesto Riesgo Sistémico)
419,72.58125979863684,2.820683263296179,216,0.0,0.0,0.0,-2461.374266252645,IRS (Impuesto Riesgo Sistémico)
420,68.02237936113254,15.258880437504304,216,0.0,0.0,0.0,-2461.374266252645,IRS (Impuesto Riesgo Sistémico)
421,68.14328732370289,6.579092037429642,216,0.0,0.0,0.0,-2461.374266252645,IRS (Impuesto Riesgo Sistémico)
422,48.603697412865415,30.939589910837487,216,0.0,0.0,0.0,-2461.374266252645,IRS (Impuesto Riesgo Sistémico)
423,37.712823342253685,19.990874070611728,216,0.0,0.0,0.0,-2461.374266252645,IRS (Impuesto Riesgo Sistémico)
424,24.589516845177435,24.72330649707625,216,0.0,0.0,0.0,-2461.374266252645,IRS (Impuesto Riesgo Sistémico)
425,18.171892118385117,15.617624726792322,216,0.0,0.0,0.0,-2461.374266252645,IRS (Impuesto Riesgo Sistémico)
426,24.84021386780921,7.631678250575901,216,0.0,0.0,0.0,-2461.374266252645,IRS (Impuesto Riesgo Sistémico)
427,24.3939122297081,12.446301638101112,216,0.0,0.0,0.0,-2461.374266252645,IRS (Impuesto Riesgo Sistémico)
428,31.569894956164998,6.924017273543103,216,0.0,0.0,0.0,-2461.374266252645,IRS (Impuesto Riesgo Sistémico)
429,23.96307097481361,16.10682398135139,216,0.0,0.0,0.0,-2461.374266252645,IRS (Impuesto Riesgo Sistémico)
430,11.00478357346866,25.85828740134495,216,0.0,0.0,0.0,-2461.374266252645,IRS (Impuesto Riesgo Sistémico)
431,7.847434171565611,8.857349401903049,216,0.0,0.0,0.0,-2461.374266252645,IRS (Impuesto Riesgo Sistémico)
432,7.855485310580719,6.991948860984892,216,0.0,0.0,0.0,-2461.374266252645,IRS (Impuesto Riesgo Sistémico)
433,1.8419505226232271,12.313534787957492,216,0.0,0.0,0.0,-2461.374266252645,IRS (Impuesto Riesgo Sistémico)
434,0.8768487919474914,13.965101730675736,216,0.0,0.0,0.0,-2461.374266252645,IRS (Impuesto Riesgo Sistémico)
435,2.761761348337277,11.115087443610214,216,0.0,0.0,0.0,-2461.374266252645,IRS (Impuesto Riesgo Sistémico)
436,1.1588098288488293,9.402951519488449,216,0.0,0.0,0.0,-2461.374266252645,IRS (Impuesto Riesgo Sistémico)
437,0.0,10.958809828848834,216,0.0,0.0,0.0,-2461.374266252645,IRS (Impuesto Riesgo Sistémico)
438,2.3072453708236758,5.492754629176325,216,0.0,0.0,0.0,-2461.374266252645,IRS (Impuesto Riesgo Sistémico)
439,5.467216781941101,10.540028588882574,216,0.0,0.0,0.0,-2461.374266252645,IRS (Impuesto Riesgo Sistémico)
440,11.68094296651311,5.886273815427993,216,0.0,0.0,0.0,-2461.374266252645,IRS (Impuesto Riesgo Sistémico)
441,12.320944762695527,4.859998203817581,216,0.0,0.0,0.0,-2461.374266252645,IRS (Impuesto Riesgo Sistémico)
442,2.0664967412224655,16.054448021473064,216,0.0,0.0,0.0,-2461.374266252645,IRS (Impuesto Riesgo Sistémico)
443,0.0,10.866496741222473,216,0.0,0.0,0.0,-2461.374266252645,IRS (Impuesto Riesgo Sistémico)
444,3.552713678800501e-15,9.999999999999996,216,0.0,0.0,0.0,-2461.374266252645,IRS (Impuesto Riesgo Sistémico)
445,2.201617639408001,7.198382360592003,216,0.0,0.0,0.0,-2461.374266252645,IRS (Impuesto Riesgo Sistémico)
446,3.755097279804952,8.74652035960305,216,0.0,0.0,0.0,-2461.374266252645,IRS (Impuesto Riesgo Sistémico)
447,0.9416610778185017,17.31343620198645,216,0.0,0.0,0.0,-2461.374266252645,IRS (Impuesto Riesgo Sistémico)
448,1.884005813515186,5.857655264303316,216,0.0,0.0,0.0,-2461.374266252645,IRS (Impuesto Riesgo Sistémico)
449,3.7224772510545243,10.961528562460662,216,0.0,0.0,0.0,-2461.374266252645,IRS (Impuesto Riesgo Sistémico)
450,2.751366320675544,15.071110930378982,216,0.0,0.0,0.0,-2461.374266252645,IRS (Impuesto Riesgo Sistémico)
451,3.552713678800501e-15,16.75136632067554,216,0.0,0.0,0.0,-2461.374266252645,IRS (Impuesto Riesgo Sistémico)
452,8.881784197001252e-16,7.300000000000003,216,0.0,0.0,0.0,-2461.374266252645,IRS (Impuesto Riesgo Sistémico)
453,8.881784197001252e-16,7.0,216,0.0,0.0,0.0,-2461.374266252645,IRS (Impuesto Riesgo Sistémico)
454,5.329070518200751e-15,12.799999999999995,216,0.0,0.0,0.0,-2461.374266252645,IRS (Impuesto Riesgo Sistémico)
455,2.546200543257558,7.353799456742448,216,0.0,0.0,0.0,-2461.374266252645,IRS (Impuesto Riesgo Sistémico)
456,0.0,9.846200543257561,216,0.0,0.0,0.0,-2461.374266252645,IRS (Impuesto Riesgo Sistémico)
457,2.2726912554739656,8.027308744526035,216,0.0,0.0,0.0,-2461.374266252645,IRS (Impuesto Riesgo Sistémico)
458,6.696308165771947,9.27638308970202,216,0.0,0.0,0.0,-2461.374266252645,IRS (Impuesto Riesgo Sistémico)
459,3.552713678800501e-15,12.696308165771944,216,0.0,0.0,0.0,-2461.374266252645,IRS (Impuesto Riesgo Sistémico)
460,8.99647560407563,2.003524395924373,216,0.0,0.0,0.0,-2461.374266252645,IRS (Impuesto Riesgo Sistémico)
461,8.382017305363526,10.014458298712107,216,0.0,0.0,0.0,-2461.374266252645,IRS (Impuesto Riesgo Sistémico)
462,16.72733415867663,1.5546831466868951,216,0.0,0.0,0.0,-2461.374266252645,IRS (Impuesto Riesgo Sistémico)
463,13.840083616107524,17.387250542569106,216,0.0,0.0,0.0,-2461.374266252645,IRS (Impuesto Riesgo Sistémico)
464,4.492172309206843,14.747911306900683,216,0.0,0.0,0.0,-2461.374266252645,IRS (Impuesto Riesgo Sistémico)
465,3.712202763912659,14.379969545294186,216,0.0,0.0,0.0,-2461.374266252645,IRS (Impuesto Riesgo Sistémico)
466,0.0,9.312202763912659,216,0.0,0.0,0.0,-2461.374266252645,IRS (Impuesto Riesgo Sistémico)
467,3.552713678800501e-15,11.699999999999998,216,0.0,0.0,0.0,-2461.374266252645,IRS (Impuesto Riesgo Sistémico)
468,0.0,12.600000000000005,216,0.0,0.0,0.0,-2461.374266252645,IRS (Impuesto Riesgo Sistémico)
469,1.437537008630839,8.362462991369162,216,0.0,0.0,0.0,-2461.374266252645,IRS (Impuesto Riesgo Sistémico)
470,0.0,8.83753700863084,216,0.0,0.0,0.0,-2461.374266252645,IRS (Impuesto Riesgo Sistémico)
471,1.7763568394002505e-15,7.399999999999999,216,0.0,0.0,0.0,-2461.374266252645,IRS (Impuesto Riesgo Sistémico)
472,0.0,6.8000000000000025,216,0.0,0.0,0.0,-2461.374266252645,IRS (Impuesto Riesgo Sistémico)
473,1.7763568394002505e-15,13.499999999999998,216,0.0,0.0,0.0,-2461.374266252645,IRS (Impuesto Riesgo Sistémico)
474,0.0,10.100000000000005,216,0.0,0.0,0.0,-2461.374266252645,IRS (Impuesto Riesgo Sistémico)
475,2.1133002723591767,3.7866997276408236,216,0.0,0.0,0.0,-2461.374266252645,IRS (Impuesto Riesgo Sistémico)
476,7.8159643978672575,4.1973358744919205,216,0.0,0.0,0.0,-2461.374266252645,IRS (Impuesto Riesgo Sistémico)
477,4.878734349925663,8.937230047941595,216,0.0,0.0,0.0,-2461.374266252645,IRS (Impuesto Riesgo Sistémico)
478,0.0,15.278734349925665,216,0.0,0.0,0.0,-2461.374266252645,IRS (Impuesto Riesgo Sistémico)
479,0.0,12.200000000000003,216,0.0,0.0,0.0,-2461.374266252645,IRS (Impuesto Riesgo Sistémico)
480,0.0,7.2,216,0.0,0.0,0.0,-2461.374266252645,IRS (Impuesto Riesgo Sistémico)
481,3.552713678800501e-15,14.799999999999997,216,0.0,0.0,0.0,-2461.374266252645,IRS (Impuesto Riesgo Sistémico)
482,0.0,9.600000000000007,216,0.0,0.0,0.0,-2461.374266252645,IRS (Impuesto Riesgo Sistémico)
483,2.6140589658893196,7.285941034110681,216,0.0,0.0,0.0,-2461.374266252645,IRS (Impuesto Riesgo Sistémico)
484,7.975880765065055,9.438178200824266,216,0.0,0.0,0.0,-2461.374266252645,IRS (Impuesto Riesgo Sistémico)
485,6.497408041169123,7.378472723895932,216,0.0,0.0,0.0,-2461.374266252645,IRS (Impuesto Riesgo Sistémico)
486,4.146923347413523,15.3504846937556,216,0.0,0.0,0.0,-2461.374266252645,IRS (Impuesto Riesgo Sistémico)
487,1.3067685390733725,10.440154808340152,216,0.0,0.0,0.0,-2461.374266252645,IRS (Impuesto Riesgo Sistémico)
488,6.3884926796240435,8.01827585944933,216,0.0,0.0,0.0,-2461.374266252645,IRS (Impuesto Riesgo Sistémico)
489,6.866822819510219,9.521669860113825,216,0.0,0.0,0.0,-2461.374266252645,IRS (Impuesto Riesgo Sistémico)
490,3.522979580193452,9.343843239316767,216,0.0,0.0,0.0,-2461.374266252645,IRS (Impuesto Riesgo Sistémico)
491,1.7763568394002505e-15,8.52297958019345,216,0.0,0.0,0.0,-2461.374266252645,IRS (Impuesto Riesgo Sistémico)
492,0.0,8.300000000000002,216,0.0,0.0,0.0,-2461.374266252645,IRS (Impuesto Riesgo Sistémico)
493,0.0,5.900000000000003,216,0.0,0.0,0.0,-2461.374266252645,IRS (Impuesto Riesgo Sistémico)
494,1.0127793084141548,10.487220691585845,216,0.0,0.0,0.0,-2461.374266252645,IRS (Impuesto Riesgo Sistémico)
495,0.0,8.912779308414155,216,0.0,0.0,0.0,-2461.374266252645,IRS (Impuesto Riesgo Sistémico)
496,0.0,5.300000000000002,216,0.0,0.0,0.0,-2461.374266252645,IRS (Impuesto Riesgo Sistémico)
497,2.269381597967291,7.3306184020327105,216,0.0,0.0,0.0,-2461.374266252645,IRS (Impuesto Riesgo Sistémico)
498,9.390512792656194,6.378868805311097,216,0.0,0.0,0.0,-2461.374266252645,IRS (Impuesto Riesgo Sistémico)
499,10.07054973059881,12.219963062057385,216,0.0,0.0,0.0,-2461.374266252645,IRS (Impuesto Riesgo Sistémico)
